psi_TISS03,psi_TISS00,psi_TISS02,psi_TISS07,psi_TISS11,psi_TISS14,seq_E1+I1,seq_I1+A,seq_A+I2,seq_I2+E2,starter_id
0.6666459,0.07619459,0.085551634,0.09482658,0.085355654,0.090752386,TGTGTGCCTGATGGCCTATCATCTACTTTTTGCAATGTTTGTCTGGTCATACTGGAAAACTATCTTTACATTACCAATGAATCCTTCAAAAGAAGTAAGTTGAAATATTAACGAAATTATTCTAATAATAGAAATCAATAATACTGATGTATTATTGAAGAACGAATTTTATTTTAATGTTGCAAACT,TTGAGATAGATACTATTTTTTACTAGCCTGCGGATGGAGCCACTGGCTTTGAATATGAAACAATTAAG,TGGAGCCACTGGCTTTGAACATGAAACAATTAAGGTATCTAGTGCTACTGTGTGGGAGAGCTAAGGTT,TTTGAATGTACAATATACCATTAATATTTTATAAATACCCTTTTCCGGGTATGGTAGAGAAGACCAATATGTTATAATTTCTTTGAAAATACTGATTAAGATTTAAATGTATTCCACCGTTCCATCTCTCTTATGCAGAGAAAGATTGGCTCCAGAGAGAGCCAAGAGGAGAAGCCCATCAGGAAGTTCTTAGGCGAGCAGCCAAGGATCTTCCCATCTATACCAGGACCATGTCTGGAG,chr8_+_sliding_nonchg_nonskip_10000001_nonchgCase_UyWTEXE6gOg
0.66643333,0.07864004,0.10482855,0.12225854,0.09585821,0.11248832,TGTGTGCTTGATGGCCTATCATCTACTTTTTGCAATGTTTGTCTGGTCATACTGGAAAACTATCTTTACATTACCAATGAATCCTTCAAAAGAAGTAAGTTAAAATATTAACGAAATTATTCTAATAATAGAAATCAATAATACTGATGTATTATTGAAGAACGAATTTTATCTTAATGTAGCAAACT,TTGAGATAGATACTATTTTTTACTAGCCTGCGGATGGAGCCACTGGCTTTGAACATGAAACAATTAAG,TGGAGCCACTGGCTTTGAACATGAAACAATTAAGGTATCTAGTGCTACTGTGTGGGAGAGCTAAGGTT,TTTGAATGTACAATATACCATTAATATTTTATAAATACCCTTTTCCGGGTATGGTAGAGAAGACCAATATGTTATAATTTCTTTGAAAATACTGATTAAGATTTAAATGTATTCCACAGTTCCATCTCTCTTATGCAGAGAAAGATTGGCTCCAGAGAGAGCCAAGAGGAGAAGCCCATCAGGAAGTTCTTAGGCGAGCAGCCAAGGATCTTCCCATCTATACCAGGACCATGTCTGGAG,chr8_+_sliding_nonchg_nonskip_10000001_nonchgCase_UyWTEXE6gOg
0.66556394,0.07829761,0.1040448,0.12145709,0.09544422,0.109813355,TGTGTTCCTGATGGCCTATCATCTACTTTTTGCAATGTTTGTCTGGTCATACTGGAAAACTATCTTTACATTACCAATGAATCCTTCAAAAGAAGTAAGTTAAAATATTAACGAAATTATTCTAATAATAGAAATCAATAATACTGATGTATTATTGAAGAACGAATTTTATTTTAATGTTGCAAACT,TTGAGATAGATACTATTTTTTACTAGCCTGCGGATGGAGCCACTGGCTTTGAACATGAAACAATTAAG,TGGAGCCACTGGCTTTGAACATGAAACAATTAAGGTATCTAGTGCTACTGTGTGGGAGAGCTAAGGTT,TTTGAATGTACAATATACCATTAATATTTTATAAATACCCTTTTCCGGGTATGGTAGAGAAGACCAATATGTTATAATTTCTTTGAAAATACTGATTAAGATTTAAATGTATTCCACAGTTCCATCTCTCTTATGCAGAGAAAGATTGGCTCCAGAGAGAGCCAAGAGGAGAAGCCCATCAGGAAGTTCTTAGGCGAGCAGCCAAGGATCTTCCCATCTATACCAGGACCATGTCTGGAG,chr8_+_sliding_nonchg_nonskip_10000001_nonchgCase_UyWTEXE6gOg
0.6654578,0.07507893,0.10182504,0.11299885,0.09170932,0.108379275,TGTGTGCCTGATGGCCTATCATCTACTTTTTGCAATGTTTGTCTGGTCATACTGGAAAACTATCTTTACATTACCAATGAATCCTTCAAAAGAAGTAAGTTAAAATATTAACGAAATTATTCTAATAATAGAAATCAATAATACTGATGTATTATTGAAGAACGAATTTTATTTTAATGTTGCAAACT,TTGAGATAGATACTATTTTTTACTAGCCTGCGGATGGAGCCACTGGCTTTGAACATGAAACAATTAAG,TGGAGCCACTGGCTTTGAACATGAACCAATAAAGGTATCTAGTGCTACTGTGTGGGAGAGCTAAGGTT,TTTGAATGTACAATATACCATTAATATTTTATAAATACCCTTTTCCGGGTATGGTAGAGAAGACCAATATGTTATAATTTCTTTGAAAATACTGATTAAGATTTAAATGTATTCCACAGTTCCATCTCTCTTATGCAGAGAAAGATTGGCTCCAGAGAGAGCCAAGAGGAGAAGCCCATCAGGAAGTTCTTAGGCGAGCAGCCAAGGATCTTCCCATCTATACCAGGACCATGTCTGGAG,chr8_+_sliding_nonchg_nonskip_10000001_nonchgCase_UyWTEXE6gOg
0.66513044,0.10521177,0.12621978,0.14373918,0.10584709,0.13920301,TGTGTGCCTGATGGCCTATCATCTACTTTTTGCAATGTTTGTCTGGTCATACTGGAAAACTATCTTTACATTACCAATGAATCCTTCAAAAGAAGTAAGTTAAAATATTAACGAAATTATTCTAATAATAGAAATCAATAATACTGATGTATTATTGAAGAACGAATTTTATTTTAATGTTGCAAACT,TTGAGATAGATACTATTTTTTACTAGCCTGCGGATGGAGCCACGGGCTTTGAACATGAAACGATTAAG,TGGAGCCACTGGCTTTGAACATGAAACAATTAAGGTATCTAGTGCTACTGTGTGGGAGAGCTAAGGTT,TTTGAATGTACAATATACCATTAATATTTTATAAATACCCTTTTCCGGGTATGGTAGAGAAGACCAATATGTTATAATTTCTTTGAAAATACTGATTAAGATTTAAATGTATTCCACAGTTCCATCTCTCTTATGCAGAGAAAGATTGGCTCCAGAGAGAGCCAAGAGGAGAAGCCCATCAGGAAGTTCTTAGGCGAGCAGCCAAGGATCTTCCCATCTATACCAGGACCATGTCTGGAG,chr8_+_sliding_nonchg_nonskip_10000001_nonchgCase_UyWTEXE6gOg
0.6647584,0.10474616,0.10804393,0.174945,0.12501313,0.16681121,TGTGTGCCTGATGGCCTATCATCTACTTTTTGCAATGTTTGTCTGGTCATACTGGAAAACTATCTTTACATTACCAATGAATCCTTCAAAAGAAGTAAGTTAAAATATTAACGAATTTATTCTAATAATAGAAATCAATAATACTGATGTATTATTGAAGAACGAATTTTATTTTAATGTTGCAAACT,TTGAGATAGATACTATTTTTTACTAGCCTGCGTATGGAGCCACTGGCTTTGAACATGAAACAATTAAG,TGGAGCCACTGGCTTTGAACATGAAACAATTAAGGTATCTAGTGCTACTGTGTGGGAGAGCTAAGGTT,TTTGAATGTACAATATACCATTAATATTTTATAAATACCCTTTTCCGGGTATGGTAGAGAAGACCAATATGTTATAATTTCTTTGAAAATACTGATTAAGATTTAAATGTATTCCACAGTTCCATCTCTCTTATGCAGAGAAAGATTGGCTCCAGAGAGAGCCAAGAGGAGAAGCCCATCAGGAAGTTCTTAGGCGAGCAGCCAAGGATCTTCCCATCTATACCAGGACCATGTCTGGAG,chr8_+_sliding_nonchg_nonskip_10000001_nonchgCase_UyWTEXE6gOg
0.66316444,0.076924026,0.10355967,0.118522696,0.08970247,0.10790074,TGTGTGCCTGATGGCCTATCATCTACTTTTTGCAATGTTTGTCTGGTCATACTGGAAAACTATCTTTACATTACCAATGAATCCTTCAAAAGAAGTAAGTTAAAATATTAACGAAATTATTCTAATAATAGAAATCAATAATACTGATGTATTATTGAAGAACGAATTGTATTTTAATGTTGCAAACT,TTGAGATAGATACTATTTTTTACTAGCCTGCGGATGGAGCCACTGGCTTTGAACATGAAACAATTAAG,TGGAGCCACTGGCTTAGAACATGAAACAATTAAGGTATCTAGTGCTACTGTGTGGGAGAGCTAAGGTT,TTTGAATGTACAATATACCATTAATATTTTATAAATACCCTTTTCCGGGTATGGTAGAGAAGACCAATATGTTATAATTTCTTTGAAAATACTGATTAAGATTTAAATGTATTCCACAGTTCCATCTCTCTTATGCAGAGAAAGATTGGCTCCAGAGAGAGCCAAGAGGAGAAGCCCATCAGGAAGTTCTTAGGCGAGCAGCCAAGGATCTTCCCATCTATACCAGGACCATGTCTGGAG,chr8_+_sliding_nonchg_nonskip_10000001_nonchgCase_UyWTEXE6gOg
0.6628422,0.07161976,0.09964233,0.10960801,0.08532869,0.1028494,TGTGTGCCTGATGGCCTATCATCTACTTTTTGCAATTTTTGTCTGGTCATACTGGAAAACTATCTTTACATTACCAATGAATCCTTCAAAAGAAGTAAGTTAAAATATTAACGAAATTATTCTAATAATAGAAATCAATAATACTGATGTATTATTGAAGAACGAATTTTATTTTAATGTTGCAAACT,TTGAGATAGATACTATTTTTTACTAGCCTGCGGATGGAGCCACTGGCTTTGAACATGAAACAATTAAG,TGGAGCCACGGGCTTTGAACATGAAACAATTAAGGTATCTAGTGCTACTGTGTGGGAGAGCTAAGGTT,TTTGAATGTACAATATACCATTAATATTTTATAAATACCCTTTTCCGGGTATGGTAGAGAAGACCAATATGTTATAATTTCTTTGAAAATACTGATTAAGATTTAAATGTATTCCACAGTTCCATCTCTCTTATGCAGAGAAAGATTGGCTCCAGAGAGAGCCAAGAGGAGAAGCCCATCAGGAAGTTCTTAGGCGAGCAGCCAAGGATCTTCCCATCTATACCAGGACCATGTCTGGAG,chr8_+_sliding_nonchg_nonskip_10000001_nonchgCase_UyWTEXE6gOg
0.66247433,0.065089755,0.09544695,0.101830386,0.07931608,0.094505444,TGTGTGCCTGATGGCCTATCATCTACTTTTTGCAATGTTTGTCTGGTCATACTGGAAAACTATCTTTACATTACCAATGAATCCTTCAAAAGAAGTAAGTTAAAATATTAACGAAATTATTCTAATAATAGAAATCAATAATACTGATGTATTATTGAAGAACGAATTTTATTTTAATGCTGCAAACT,TTGAGATAGATACTATTTTTTACTAGCCTGCGGATGGAGCCACTGGCTTTGAACATGAAACAATTAAG,TGGAGCCACTGGCTTTGAACATGAAACAATTAAGGTATCTAGTGCTACTGTGTGGCAGAGCTAAGGTT,TTTGAATGTACAATATACCATTAATATTTTATAAATACCCTTTTCCGGGTATGGTAGAGAAGACCAATATGTTATAATTTCTTTGAAAATACTGATTAAGATTTAAATGTATTCCACAGTTCCATCTCTCTTATGCAGAGAAAGATTGGCTCCAGAGAGAGCCAAGAGGAGAAGCCCATCAGGAAGTTCTTAGGCGAGCAGCCAAGGATCTTCCCATCTATACCAGGACCATGTCTGGAG,chr8_+_sliding_nonchg_nonskip_10000001_nonchgCase_UyWTEXE6gOg
0.66182595,0.08586029,0.11265991,0.127378,0.10281491,0.1213898,TGTGTGCCTGATGGCCTATCATCTACTTTTTGCAATGTTTGTCTGGTCATACTGGAAAACTATCTTTACATTACCAATGAATCCTTCAAAAGAAGTAAGTTAAAATATTAACGAAATTATTCTAATAATAGAAATCAATAATACAGATGTATTATTGAAGAACGAATTTTATTTTAATGTTGCAAACT,TTGAGATAGATACTATTTTTTACTAGCCTGCGGATGGAGCCACTGGCTTTGAACATGAAACAATTAAG,TGGAGCCACTGGCTTTGAACATGAAACAATTAAGGTATCTAGTGCTACTGTGTGGGAGAGCTAAGGTT,TTTGAATGTACAATATACCATTAATATTTTATAAATACCCTTTTCCGGGTATGGTAGAGAAGACCAATATGTTATAATTTCTTTGAAAATACTGATTGAGATTTAAATGTATTCCACAGTTCCATCTCTCTTATGCAGAGAAAGATTGGCTCCAGAGAGAGCCAAGAGGAGAAGCCCATCAGGAAGTTCTTAGGCGAGCAGCCAAGGATCTTCCCATCTATACCAGGACCATGTCTGGAG,chr8_+_sliding_nonchg_nonskip_10000001_nonchgCase_UyWTEXE6gOg
0.6616395,0.08341977,0.11335501,0.12058255,0.10014957,0.122606196,TGTGTGCCTGATGGCCTATCATCTACTTTTTGCAATGTTTGTCTGGTCATACTGGAAAACTATCTTTACATTACCAATGAATCCTTCAAAAGAAGTAAGTTAAAATATTAACGAAATTATTCTAATAATACAAATCAATAATACTGATGTATTATTGAAGAACGAATTTTATTTTAATGTTGCAAACT,TTGAGATAGATACTATTTTTTACTAGCCTGCGGATGGAGCCACTGGCTTTGAACATGAAACAATTAAG,TGGAGCCACTGGCTTTGAACATGAAACAATTAAGGTATCTAGTGCTACTGTGTGGGAGAGCTAAGGTT,TTTGAATGTACAATATACCATTAATATTTTATAAATACCCTTTTCCGGGTATGGTAGAGAAGACCAATATGTTATAATTTCTTTGAAAATACTGATTAAGATTTAAATGTATTCCACAGTTCCATCTCTCTTATGCAGAGAAAGATTGGCTCCAGAGAGAGCCAAGAGGAGAAGCCCATCAGGAAGTTCTTAGGCGAGCAGCCAAGGATCTTCCCATCTATACCAGGACCATGTCTTGAG,chr8_+_sliding_nonchg_nonskip_10000001_nonchgCase_UyWTEXE6gOg
0.6614726,0.11032242,0.15756322,0.18632945,0.12925938,0.17368622,TGTGTGCCTGATGGCCTATCATCTACTTTTTGCAATGTTTGTCTGGTCACACTGGAAAACTATCTTTACATTACCAATGAATCCTTCAAAAGAAGTAAGTTAAAATATTAACGAAATTATTCTAATAATAGAAATCAATAATACTGATGTATTATTGAAGAACGAGTTTTATTTTAATGTTGCAAACT,TTGAGATAGATACTATTTTTTACTAGCCTGCGGATGGAGCCACTGGCTTTGAACATGAAACAAATAAG,TGGAGCCACTGGCTTTGAACATGAAACAATTAAGGTATCTAGTGCTACTGTGTGGGAGAGCTAAGGTT,TTTGAATGTACAATATACCATTAATATTTTATAAATACCCTTTTCCGGGTATGGTAGAGAAGACCAATATGTTATAATTTCTTTGAAAATACTGATTAAGATTTAAATGTATTCCACAGTTCCATCTCTCTTATGCAGAGAAAGATTGGCTCCAGAGAGAGCCAAGAGGAGAAGCCCATCAGGAAGTTCTTAGGCGAGCAGCCAAGGATCTTCCCATCTATACCAGGACCATGTCTGGAG,chr8_+_sliding_nonchg_nonskip_10000001_nonchgCase_UyWTEXE6gOg
0.6614093,0.10527763,0.1515521,0.1601727,0.13450022,0.15629587,TGTGTGCCTGATGGCCTATCATCTACTTTTTGCAATGTTTGTCTGGTCATACTGGAAAACTATCTTTACATTACCAATGAATCCTTCAAAAGAAGTAAGTTAAAATATTAACGAAATTATTCTAATAATAGAAATCAATAATACTGATGTATTATTGAAGAACGAATTTTATTTTAATGTTGCAAACT,TTGAGATAGATACTATATTTTACTAGCCTGCGGATGGAGCCACTGGCTTTGAACATGAAACAATTAAG,TGGAGCCACTGGCTTTGAACATGAAACAATTAAGGTATCTAGTGCTACTGTGTGGGAGAGCTAAGGTT,TTTGAATGTACAATATACCATTAATATTTTATAAATACCCTTTTCCGGGTATGGTAGAGAAGACCAATATGTTATAATTTCTTTGAAAATACTGATTAAGATTTAAATGTATTCCACAGTTCCATCTCTCTTATGCAGAGAAAGATTGGCTCCAGAGATAGCCAAGAGGAGAAGCCCATCAGGAAGTTCTTAGGCGAGCAGCCAAGGATCTTCCCATCTATACCAGGACCATGTCTGGAG,chr8_+_sliding_nonchg_nonskip_10000001_nonchgCase_UyWTEXE6gOg
0.6603549,0.07643826,0.10133589,0.116783015,0.093168296,0.10412907,TGTGGGCCTGATGGCCTATCATCTACTTTTTGCAATGTTTGTCTGGTCATACTGGAAAACTATCTTTACATTACCAATGAATCCTTCAAAAGAAGTAAGTTAAAATATTAACGAAATTATTCTAATAATAGAAATCAATAATACTGATGTATTATTGAAGAACGAATTTTATTTTAATGTTGCAAACT,TTGAGATAGATACTATTTTTTACTAGCCTGCGGATGGAGCCACTGGCTTTGAACATGAAACAATTAAG,TGGAGCCACTGGCTTTGAACATGAAACAATTAAGGTATCTAGTGCTACTGTGTGGGAGAGCTAAGGTT,TTTGAATGTACAATATACCATTAATATTTTATAAATACCCTTTTCCGGGTATGGTAGAGAAGACCAATATGTTATAATTTCTTTGAAAATACTGATTAAGATTTAAATGTATTCCACAGTTCCATCTCTCTTATGCAGAGAAAGATTGGCTCCAGAGAGAGCCAAGAGGAGAAGCCCATCAGGAAGTTCTTAGGCGAGCAGCCAAGGATCTTCCCATCTATACCAGGACCATGTCTGGAG,chr8_+_sliding_nonchg_nonskip_10000001_nonchgCase_UyWTEXE6gOg
0.6592424,0.093580365,0.11576513,0.13131838,0.10785514,0.11499534,TGTGTGCCTGATGGCCTATCATCTACTTTTTGCAATGTTTGTCTGGTCATACTGGAAAACTATCTTTACATTACCAATGAATCCTTCAAAAGAAGTAAGTTAAAATATTAACGAAATTATTCTAATAATAGAAATCAATAATACTGATGTATTATTGAAGAACGAATTTTATTTTAATGTTGCAAACT,TTGAGATAGATACTATTTTTTACTAGCCTGCGGATGGAGCCACTGGCTTTGAACATGAAACACTTAAG,TGGAGCCACTGGCTTTGAACATGAAACAATTAAGGTATCTAGTGCTACTGTGTGGGAGAGCTAAGGTT,TTTGAATGTACAATATACCATTAATATATTATAAATACCCTTTTCCGGGTATGGTAGAGAAGACCAATATGTTATAATTTCTTTGAAAATACTGATTAAGATTTAAATGTATTCCACAGTTCCATCTCTCTTATGCAGAGAAAGATTGGCTCCAGAGAGAGCCAAGAGGAGAAGCCCATCAGGAAGTTCTTAGGCGAGCAGCCAAGGATCTTCCCATCTATACCAGGACCATGTCTGGAG,chr8_+_sliding_nonchg_nonskip_10000001_nonchgCase_UyWTEXE6gOg
0.65691185,0.0644429,0.08992493,0.09896383,0.07667622,0.09316884,TGTGTGCCTGATGGCCTATCATCTACTTTTTGCAATGTTTGTCTGGTCATACTGGAAAACTATCTTTACATTACCAATGAATCATTCAAAAGAAGTAAGTTAAAATATTAACGAAATTATTCTAATAATAGAAATCAATAATACTGATGTATTATTGAAGAACGAATTTTATTTTAATGTTGCAAACT,TTGAGATAGATACTATTTTTTACTAGCCTGCGGATGGAGCCACTGGCTTTGAACATGAAACAATTAAG,TAGAGCCACTGGCTTTGAACATGAAACAATTAAGGTATCTAGTGCTACTGTGTGGGAGAGCTAAGGTT,TTTGAATGTACAATATACCATTAATATTTTATAAATACCCTTTTCCGGGTATGGTAGAGAAGACCAATATGTTATAATTTCTTTGAAAATACTGATTAAGATTTAAATGTATTCCACAGTTCCATCTCTCTTATGCAGAGAAAGATTGGCTCCAGAGAGAGCCAAGAGGAGAAGCCCATCAGGAAGTTCTTAGGCGAGCAGCCAAGGATCTTCCCATCTATACCAGGACCATGTCTGGAG,chr8_+_sliding_nonchg_nonskip_10000001_nonchgCase_UyWTEXE6gOg
0.65676755,0.07917274,0.11681654,0.11779184,0.08792688,0.109453954,TGTGTGCCTGATGGCCTATCATCTACTTTTTGCAATGTTTGTCTGGTCATACTGGAAAACTATCTTTACATTACCAATGAATCCTTCAAAAGAAGTAAGTTAAAATATTAACGAAATTATTCTAATAATAGAAATCAATAATACTGATGTATTATTGAAGAACGAATTTTATTTTAATGTTGCAAACT,TTGAGATAGATACTATTTTTTACTAACCTGCGGATGGAGCCACTGGCTTTGAACATGAAACAATTAAG,TGGAGCCACTGGCTTTGAACATGAAACAATTAAGGTATCTAGTGCTACTGTGTGGGCGAGCTAAGGTT,TTTGAATGTACAATATACCATTAATATTTTATAAATACCCTTTTCCGGGTATGGTAGAGAAGACCAATATGTTATAATTTCTTTGAAAATACTGATTAAGATTTAAATGTATTCCACAGTTCCATCTCTCTTATGCAGAGAAAGATTGGCTCCAGAGAGAGCCAAGAGGAGAAGCCCATCAGGAAGTTCTTAGGCGAGCAGCCAAGGATCTTCCCATCTATACCAGGACCATGTCTGGAG,chr8_+_sliding_nonchg_nonskip_10000001_nonchgCase_UyWTEXE6gOg
0.6564408,0.11481515,0.12437202,0.16948529,0.12836376,0.15631245,TGTGTGCCTGATGGCCTATCATCTACTTTTTGCAATGTTTGTCTGGTCATACTGGAAAACTATCTTTACATTACCAATGAATCCTTCAAAAGAAGTAAGTTAAAATATTAACGAAATTATTCTAATAATAGAAATCAATAATACTGATGTATTATTGAAGAACGAATTTTATTTTAATGTTGCAAACT,TTGAGATAGATACTATTTTTTACTAGCCTGCGGATGGAGCCACTGGCTTTGAACATGAAACATTTAAG,TGGAGCCACTGGCTTTGAACATGAAACAATTAAGGTATCTAGTGCTACTGTGTGGGAGAGCTAAGGTT,TTTGAATGTACAATATACCATTAATATTTTATAAATACCCTTTTCCGGGTATGGTAGAGAAGACCAATATGTTATAATTTCTTTGAAAATACTGATTAAGATTTAAATGTATTCCACAGTTCCATCTCTCTTATGCAGAGAAAGATTGGCTCCAGAGAGAGCCAAGAGGAGAAGCCCATCAGGAAGTTCTTAGGCGAGCATCCAAGGATCTTCCCATCTATACCAGGACCATGTCTGGAG,chr8_+_sliding_nonchg_nonskip_10000001_nonchgCase_UyWTEXE6gOg
0.6557699,0.09002899,0.11141462,0.125099,0.103410475,0.10920658,TGTGTGCCTGATGGCCTATCATCTACTTTTTGCAATGTTTGTCTGGTCATACTGGAAAACTATCTTTACATTACCAATGAATCCTTCAAAAGAAGTAAGTTAAAATATTAACGAAATTATTCTAATAATAGAAATCAATAATACTGATGTATTATTGAAGAACGAATTTTATTTTAATGTTGCAAACT,TTGAGATAGATACTATTTTTTACTAGCCTGCGGATGGAGCCACTGGCTTTGAACATGAAACACTTAAG,TGGAGCCACTGGCTTTGAACATGAAACAATTAAGGTATCTAGTGCTACTGTGTGGGAGAGCTAAGGTT,TCTGAATGTACAATATACCATTAATATTTTATAAATACCCTTTTCCGGGTATGGTAGAGAAGACCAATATGTTATAATTTCTTTGAAAATACTGATTAAGATTTAAATGTATTCCACAGTTCCATCTCTCTTATGCAGAGAAAGATTGGCTCCAGAGAGAGCCAAGAGGAGAAGCCCATCAGGAAGTTCTTAGGCGAGCAGCCAAGGATCTTCCCATCTATACCAGGACCATGTCTGGAG,chr8_+_sliding_nonchg_nonskip_10000001_nonchgCase_UyWTEXE6gOg
0.65558594,0.087020196,0.11227934,0.12359758,0.09796174,0.12320212,TGTGTGCCTGATGGCCTATCATCTACTGTTTGCAATGTTTGTCTGGTCATACTGGAAAACTATCTTTACATTACCAATGAATCCTTCAAAAGAAGTAAGTTAAAATATTAACGAAATTATTCTAATAATAGAAATCAATAATACTGATGTATTATTGAAGAACGAATTTTATTTTAATGTTGCAAACT,TTGAGATAGATACTATTTTTTACTAGCCTGCGGATGGAGCCACTGGTTTTGAACATGAAACAATTAAG,TGGAGCCACTGGCTTTGAACATGAAACAATTAAGGTATCTAGTGCTACTGTGTGGGAGAGCTAAGGTT,TTTGAATGTACAATATACCATTAATATTTTATAAATACCCTTTTCCGGGTATGGTAGAGAAGACCAATATGTTATAATTTCTTTGAAAATACTGATTAAGATTTAAATGTATTCCACAGTTCCATCTCTCTTATGCAGAGAAAGAGTGGCTCCAGAGAGAGCCAAGAGGAGAAGCCCATCAGGAAGTTCTTAGGCGAGCAGCCAAGGATCTTCCCATCTATACCAGGACCATGTCTGGAG,chr8_+_sliding_nonchg_nonskip_10000001_nonchgCase_UyWTEXE6gOg
0.65542495,0.10392645,0.14446598,0.16259621,0.12825397,0.15850964,TGTGTGCCTGATGGCCTATCATCTACTTTTTGCAATGTTTGTCTGGTCATACTGGAAAACTATCTTTACATTACCAATGAATCCTTCAAAAGAAGTAAGTTAAAATATTAACGAAATTATTCTAATAATAGAAATCAATAATACTGATGTATTATTGAAGAACGAATTTTATTTTAATGTTGCAAACT,TTGAGATAGATACTATTTTTTACTAGCCTGCGGATAGAGCCACTGGCTTTGAACATGAAACAATTAAG,TGGAGCCACTGGCTTTGAACATGAAACAATTAAGGTATCTAGTGCTGCTGTGTGGGAGAGCTAAGGTT,TTTGAATGTACAATATACCATTAATATTTTATAAATACCCTTTTCCGGGTATGGTAGAGAAGACCAATATGTTATAATTTCTTTGAAAATACTGATTAAGATTTAAATGTATTCCACAGTTCCATCTCTCTTATGCAGAGAAAGATTGGCTCCAGAGAGAGCCAAGAGGAGAAGCCCATCAGGAAGTTCTTAGGCGAGCAGCCAAGGATCTTCCCATCTATACCAGGACCATGTCTGGAG,chr8_+_sliding_nonchg_nonskip_10000001_nonchgCase_UyWTEXE6gOg
0.6554172,0.06165496,0.09065475,0.095943876,0.075250134,0.089961074,TGTGTGCCTGATGGCCTATCATCTACTTTTTGCAATGTTTGTCTGGTCATACTGGAAAACTATCTTTACATTACCAATGAATCCTTCAAAAGAAGTAAGTTAAAATATTAACGAAATTATTCTAATAATAGAAATCAATAATACTGATGTATTATTGAAGAACGAATTTTATTTTAATGTTGCAAACT,TTGAGATAGATACTATTTTTTACTAGCCTGCGGATGGAGCCACTGGCTTTGAACATGAAACAATTAAG,TGGAGCCACTGGCTTTGAACATGAAACAATTAAGGTATCTAGTGCTACTGTGTGGCAGAGCTAAGGTT,TTTGAATGTACAATATACCATTAATATTTTATAAATACCCTTTTCCGGGTATGGTAGAGAAGACCAATATGTTATAATTTCTTTGAAAATACTGATTAAGATTTAAATGTATTCCACAGTTCCATCTCTCTTATGCAGAGAAAGATTGGCTCCAGAGAGAGCCAAGAGGAGATGCCCATCAGGAAGTTCTTAGGCGAGCAGCCAAGGATCTTCCCATCTATACCAGGACCATGTCTGGAG,chr8_+_sliding_nonchg_nonskip_10000001_nonchgCase_UyWTEXE6gOg
0.655245,0.122856595,0.103848495,0.15688053,0.15139177,0.14497541,TGTGTGCCTGATGGCCTATCATCTACTTTTTGCAATGTTTGTCTGGTCATACTGGAAAACTATCTTTACATTACCAATGAATCCTTCAAAAGAAGTAAGTTAAAATATTAACGAAATTATTCTAATAATAGAAATCAATAATACTGATGTATTATTGAAGAACGAATTTTATTTTAATGTTGCAAACT,TAGAGATAGATACTATTTTTTACTAGCCTGCGGATGGAGCCACTGGCTTTGAACATGAAACACTTAAG,TGGAGCCACTGGCTTTGAACATGAAACAATTAAGGTATCTAGTGCTACTGTGTGGGAGAGCTAAGGTT,TTTGAATGTACAATATACCATTAATATTTTATAAATACCCTTTTCCGGGTATGGTAGAGAAGACCAATATGTTATAATTTCTTTGAAAATACTGATTAAGATTTAAATGTATTCCACAGTTCCATCTCTCTTATGCAGAGAAAGATTGGCTCCAGAGAGAGCCAAGAGGAGAAGCCCATCAGGAAGTTCTTAGGCGAGCAGCCAAGGATCTTCCCATCTATACCAGGACCATGTCTGGAG,chr8_+_sliding_nonchg_nonskip_10000001_nonchgCase_UyWTEXE6gOg
0.6551075,0.06282741,0.09173505,0.10211887,0.08060017,0.09569524,TGTGTGCCTGATGGCCTATCATCTACTTTTTGCAATGTTTGTCTGGTCATACTGGAAAACTATCTTTACATTACCAATGAATCCTTCAAAAGAAGTAAGTTAAAATATTAACGAAATTATTCTAATAATAGAAATCAATAATACTGATGTATTATTGAAGAACGAATTTTATTTTAATGTTGCAAACT,TTGAGATAGATACTATTTTTTACTAGCCTGCGGATGGAGCCACTGGCTTTGAACATGAAACAATTAAG,TGGAGCCACTGGCTTTGAACATGAAACAATAAAGGTATCTAGTGCTACTGTGTGGGAGAGCTAAGGTT,TTTGAATGTACAATATACCATTAATATTTTATAAATACCCTTTTCCGGGTATGGTAGAGAAGACCAATATGTTATAATTTCTTTGAAAATACTGATTAAGATTTAAATGTATTCCACAGTTCCATCTCTCTTATGCAGAGAAAGATTGGCTCCAGAGAGAGCCAAGAGGAGAAGCCCATCAGGAAGTTCTTAGGCGAGCAGCCAAGGATCTTCCCATCTATACCAGGACCATGTCTGGAG,chr8_+_sliding_nonchg_nonskip_10000001_nonchgCase_UyWTEXE6gOg
0.65470624,0.10689491,0.17528258,0.14322115,0.113405176,0.14243664,TGTGTGCCTGATGGCCTATCATCTACTTTTTGCAATGTTTGTCTGGTCATACTGGAAAACTATCTTTACATTACCAATGAATCCTTCAAAAGAAGTAAGTTAAAATATTAACGAAATTATTCTAATAATAGAAATCAATAATACTGATGTATTATTGAAGAACGAATTTTATTTTAATGTTGCAAACT,TTGAGATAGATACTATTTTTTACTCGCCTGCGGATGGAGCCACTGGCTTTGAACATGAAACAATTAAG,TGGAGCCACTGGCTTTGAACATGAAACAATTAAGGTATCTAGTGCTACTGTGTGGGAGAGCTAAGGTT,TTTGAATGTACAATATACCATTAATATTTTATAAATACCCTTTTCCGGGTATGGTAGAGAAGGCCAATATGTTATAATTTCTTTGAAAATACTGATTAAGATTTAAATGTATTCCACAGTTCCATCTCTCTTATGCAGAGAAAGATTGGCTCCAGAGAGAGCCAAGAGGAGAAGCCCATCAGGAAGTTCTTAGGCGAGCAGCCAAGGATCTTCCCATCTATACCAGGACCATGTCTGGAG,chr8_+_sliding_nonchg_nonskip_10000001_nonchgCase_UyWTEXE6gOg
0.653602,0.11782995,0.12309,0.17334406,0.13006327,0.15882194,TGTGTGCCTGATGGCCTATCATCTACTTTTTGCAATGTTTGTCTGGTCATACTGGAAAACTATCTTTACATTACCAATGAATCCTTCAAAAGAAGTAAGTTAAAATATTAACGAAATTATTCTAATAATAGAAATCAATAATACTGATGTATTATTGAAGAACGAATTTTATTTTAATGTTGCAAACT,TTGAGATAGATACTATTTTTTACTAGCCTGCGGATGGAGCCACTGGCTTTGAACATGAAACATTTAAG,TGGAGCCACTGGCTTTGAACATGAAACAATTAAGGTATCTAGTGCTACTGTGTGGGAGAGCTAAGGTT,TTTGAATGTACAATATACCATTAATATTTTATAAATACCCTTTTCCGGGTATGGTAGAGAAGACCAATATGTTATAATTTCTTTGAAAATACTGATTAAGATTTAAATGTATTCCACAGTTCCATCTCTCTTATGCAGAGAAAGATTGGCTCCAGAGAGAGCCAAGAGGAGAAGCCCATCAGGAAGATCTTAGGCGAGCAGCCAAGGATCTTCCCATCTATACCAGGACCATGTCTGGAG,chr8_+_sliding_nonchg_nonskip_10000001_nonchgCase_UyWTEXE6gOg
0.6530268,0.065543704,0.09043409,0.09995394,0.08024408,0.09653881,TGTGTGCCAGATGGCCTATCATCTACTTTTTGCAATGTTTGTCTGGTCATACTGGAAAACTATCTTTACATTACCAATGAATCCTTCAAAAGAAGTAAGTTAAAATATTAACGAAATTATTCTAATAATAGAAATCAATAATACTGATGTATTATTGAAGAACGAATTTTATTTTAATGTTGCAAACT,TTGAGATAGATACTATTTTTTACTAGCCTGCGGATGGAGCCACTGGCTTTGAACATGAAACAATTAAG,TGGAGCCACTGGCTTTGAACATGAAACAATTAAGGTATCTAGTGCTACTGTGTGGGAGAGCTAAGGTT,TTTGAATGTACAATATACCATTAATATTTTATAAATACCCTTTTCCGGGTATGGTAGAGAAGACCAATATGTTATAATTTCTTTGAAAATACTGATTAAGATTTAAATGTATTCCACAGTTCCATCTCTCTTATGCAGAGAAAGATTGGCTCCAGAGAGAGCCAAGAGGAGAAGCCCATCAGGACGTTCTTAGGCGAGCAGCCAAGGATCTTGCCATCTATACCAGGACCATGTCTGGAG,chr8_+_sliding_nonchg_nonskip_10000001_nonchgCase_UyWTEXE6gOg
0.6528813,0.09552862,0.12722617,0.13877448,0.116955295,0.13827284,TGTGTGCCTGATGGCCTATCATCTACTTTTTGCAATGTTTGTCTGGTCATACTGGAAAACTATCTTTACATTACCAATGAATCCTTCAAAAGAAGTAAGTTAAAATATTAACGAAATTATTCTAATAATAGAAATCAATAATACTGATGTATTATTGAAGAACGAATTTTATTTTAATGTTGCAAACT,TTGAGATAGATACTATTTTTTACTAGCCTACGGATGGAGCCACTGGCTTTGAACATGAAACAATTAAG,TGGAGCCACTGGCTTTGAACATGAAACAATTAAGGTATCTAGTGCTACTGTGTGGGAGAGCTAAGGTT,TTTGAATGTACAATATACCATTAATATTTTAGAAATACCCTTTTCCGGGTATGGTAGAGAAGACCAATATGTTATAATTTCTTTGAAAATACTGATTAAGATTTAAATGTATTCCACAGTTCCATCTCTCTTATGCAGAGAAAGATTGGCTCCAGAGAGAGCCAAGAGGAGAAGCCCATCAGGAAGTTCTTAGGCGAGCAGCCAAGGATCTTCCCATCTATACCAGGACCATGTCTGGAG,chr8_+_sliding_nonchg_nonskip_10000001_nonchgCase_UyWTEXE6gOg
0.6517305,0.061208326,0.089437746,0.096172236,0.07718154,0.09135237,TGTGTGCCTGATGGCCTATCATCTACTTTTTGCAATGTTTGTCTGGTCATACTGGAAAACTATCTTTACATTACCAATGAATCCTTCAAAAGAAGTAAGTTAAAATATTAACGAAATTATTCTAATAATAGAAATCAATAATACTGATGTATTATTGAAGAACGAATTTTATTTTAATGTTGCAAACT,TTGAGATAGATACTATTTTTTACTAGCCTGCGGATGGAGCCACTGGCTTTGAACATGAAACAATTAAG,TGGAGCCACTGGCTTTGAACATGAAACAATTAAGGTATCTAGTGCTACTGTGTGGAAGAGCTAAGGTT,TTTGAATGTACAATATACCATTAATATTTTATAAATACCCTTTTCCGGGTATGGTAGAGAAGACCAATATGTTATAATTTCTTTGAAAATACTGATTAAGATTTAAATGTATTCCACAGTTCCATCTCTCTTATGCAGAGAAAGATTGGCTCCAGAGAGAGCCAAGAGGAGAAGCCCATCAGGAAGTTCTTAGGCGAGCAGCCAAGGATCTTCCCATCTATACCAGGACCATGTCTGGAG,chr8_+_sliding_nonchg_nonskip_10000001_nonchgCase_UyWTEXE6gOg
0.65152496,0.08192518,0.12222745,0.119208366,0.10654721,0.11932043,TGTGTGCCTGATGGCCTATCATCTACTTTTTGCAATGTTTGTCTGGTCATACTGGAAAACTATCTTTACATTACCAATGAATCCTTCAAAAGAAGTAAGTTAAAATATTAACGAAATTATTCTAATAATAGAAATCAATAATACTGATGTATTATTGAAGAACGAATTTTATTTTAATGTTGCAAACT,TTGAGATAGATACTATTTTTTACTAGCCTGCGGATGGAGCCACTGGCTTGTAACATGAAACAATTAAG,TGGAGCCACTGGCTTTGAACATGAAACAATTAAGGTATCTAGTGCTACTGTGTGGGAGAGCTAAGGTT,TTTGAATGTACAATATACCATTAATATTTTATAAATACCCTTTTCCGGGTATGGTAGAGAAGACCAATATGTTATAATTTCTTTGAAAATACTGATTAAGATTTAAATGTATTCCACAGTTCCATCTCTCTTATGCAGAGAAAGATTGGCTCCAGAGAGAGCCAAGAGGAGAAGCCCATCAGGAAGTTCTTAGGCGAGCAGCCAAGGATCTTCCCATCTATACCAGGACCATGTCTGGAG,chr8_+_sliding_nonchg_nonskip_10000001_nonchgCase_UyWTEXE6gOg
0.6509853,0.0801759,0.18665561,0.13543299,0.09594055,0.12949727,TGTGTGCCTGATGGCCTATCATCTACTTTTTGCAATGTTTGTCTGGTCATACTGGAAAACTATCTTTACATTACCAATGAATCCTTCAAAAGAAGTAAGTTAAAATATTAACGAAATTATTCTAATAATAGAAATCAATAATACTGATGTATTATTGAAGAACGAATTTTATTTTAATGTTGCAAACT,TTGAGATAGATACTATTCTTTACTAGCCTGCGGATGGAGCCACTGGCTTTGAACATGAAACAATTAAG,TGGAGCCACTGGCTTTGAACATGAAACAATTAAGGTATCTAGTGCTACTGTGTGGGAGAGCTAAGGTT,TTTGAATGTACAATATACCATTAATATTTTATAAATACCCTTTTCCGGGTATGGTAGAGAAGACTAATATGTTATAATTTCTTTGAAAATACTGATTAAGATTTAAATGTATTCCACAGTTCCATCTCTCTTATGCAGAGAAAGATTGGCTCCAGAGAGAGCCAAGAGGAGAAGCCCATCAGGAAGTTCTTAGGCGAGCAGCCAAGGATCTTCCCATCTATACCAGGACCATGTCTGGAG,chr8_+_sliding_nonchg_nonskip_10000001_nonchgCase_UyWTEXE6gOg
0.64972025,0.07764822,0.10280295,0.118627846,0.09420213,0.112142704,TGTGTGCCAGATGGCCTATCATCTACTTTTTGCAATGTTTGTCTGGTGATACTGGAAAACTATCTTTACATTACCAATGAATCCTTCAAAAGAAGTAAGTTAAAATATTAACGAAATTATTCTAATAATAGAAATCAATAATACTGATGTATTATTGAAGAACGAATTTTATTTTAATGTTGCAAACT,TTGAGATAGATACTATTTTTTACTAGCCTGCGGATGGAGCCACTGGCTTTGAACATGAAACAATTAAG,TGGAGCCACTGGCTTTGAACATGAAACAATTAAGGTATCTAGTGCTACTGTGTGGGAGAGCTAAGGTT,TTTGAATGTACAATATACCATTAATATTTTATAAATACCCTTTTCCGGGTATGGTAGAGAAGACCAATATGTTATAATTTCTTTGAAAATACTGATTAAGATTTAAATGTATTCCACAGTTCCATCTCTCTTATGCAGAGAAAGATTGGCTCCAGAGAGAGCCAAGAGGAGAAGCCCATCAGGAAGTTCTTAGGCGAGCAGCCAAGGATCTTCCCATCTATACCAGGACCATGTCTGGAG,chr8_+_sliding_nonchg_nonskip_10000001_nonchgCase_UyWTEXE6gOg
0.64961606,0.09937279,0.1405652,0.15612942,0.12366619,0.15198345,TGTGTGCCTGATGGCCTATCATCTACTTTTTGCAATGTTTGTCTGGTCATACTGGAAAACTATCTTTACATTACCAATGAATCCTTCAAAAGAAGTAAGTTAAAATATTAACGAAATTATTCTAATAATAGAAATCAATAATACTGATGTATTATTGAAGAACGAATTTTATTTTAATGTTGCAAACT,TTGAGATAGATACTATTTTTTACTAGCCTGCGGATAGAGCCACTGGCTTTGAACATGAAACAATTAAG,TGGAGCCACTGGCTTTGAACATGAAACAATTAAGGTATCTAGTGCTACTGTGTGGGAGAGCTAAGGTT,TTTGAATGTACAATATACCATTAATATTTTATAAATACCCTTTTCCGGGTATGGTAGAGAAGACCAATATGTTATAATTTCTTTGAAAATACTGATTAAGATTTAAATGTATTCCACAGTTCCATCTCTCTTATGCAGAGAAAGATTGGCTCCAGAGAGAGCCAAGAGGAGAAGCCCATCAGGAAGTTCTTAGGCGAGCAGCCAAGGATCTTCCCATCTATACCAGGACCATGTCTGGAG,chr8_+_sliding_nonchg_nonskip_10000001_nonchgCase_UyWTEXE6gOg
0.649467,0.10176726,0.08450238,0.12729508,0.11670191,0.12334206,TGTGTGCCTGATGGCCTATCATCTACTTTTTGCAATGTTTGTCTGGTCATACTGGAAAACTATCTTTACATTACCAATGAATCCTTCAAAAGAAGTAAGTTAAAATATTAACGAAATTATTCTAATAATAGAAATCAATAATACTGATGTATTATTGAAGAACGAATTTTATTTTAATGTTGCAAACT,TTGAGATAGATACTATTTTTTACTAGCCTGCGGATGGAGCCACTTGCTTTGAACATGAAACAATTAAG,TGGAGCCACTGGCTTTGAACATGAAACAATTAAGGTATCTAGTGCTACTGTGTGGGAGAGCTAAGGTT,TTTGAATGTACAATATACCATTAATATTTTATAAATACCCTTTTCCGGGTATGGTAGAGAAGACCAATATGTTATAATTTCTTTGAAAATACTGATTAAGATTTAAATGTATTCCACAGTTCCATCTCTCTTATGCAGAGAAAGATTGGCTCCAGAGAGAGCCAAGAGGAGAAGCCCATCAGGAAGTTCTTAGGCGAGCAGCCAAGGATCTTCCCATCTATACCAGGACCATGTCTGGAG,chr8_+_sliding_nonchg_nonskip_10000001_nonchgCase_UyWTEXE6gOg
0.649229,0.065359205,0.0927548,0.099574015,0.078015655,0.09172464,TGTGTGCCTGATGGCCTATCATCTACTTTTTGCAATGTTTGTCTGGTCATACTGGAAAACTATCTTTACATTACCAATGAATCCTTCAAAAGAAGTAAGTTAAAATATTAACGAAATTATTCTAATAATAGAAATCAATAATACTGATGTATTATTGAAGAACGAATTTTATTTTAATGTTGCAAACT,TTGAGATAGATACTATTTTTTACTAGCCTGCGGATGGAGCCACTGGCTTTGAACATGAAACAATTAAG,TGGAGCCACTGGCTTTGAACATGAAACAGTTAAGGTATCTAGTGCTACTGTGTGGGAGAGCTAAGGTT,TTTGAATGTACAATATACCATTAATATTTTATAAATACCCTTTTCCGGGTATGGTAGAGAAGACCAATATGTTATAATTTCTTTGAAAATACTGATTAAGATTTAAATGTATTCCACAGTTCCATCTCTCTTATGCAGAGAAAGATTGGCTCCAGAGAGAGCCAAGAGGAGAAGCCCATCAGGAAGTTCTTAGGCGAGCAGCCAAGGATCTTCCCATCTATACCAGGACCATGTCTGGAG,chr8_+_sliding_nonchg_nonskip_10000001_nonchgCase_UyWTEXE6gOg
0.64901185,0.12487139,0.13473906,0.17240418,0.13424993,0.1714218,TGTGTGCCTGATGGCCTATCATCTACTTTTTGCAATGTTTGTCTGGTCATACTGGAAAACTATCTTTACATTACCAATGAATCCTTCAAAAGAAGTAAGTTAAAATATTAACGAAATTATTCTAATAATAGAAATCAATAATACTGATGTATTATTGAAGAACGAATTTTATTTTAATGTTGCAAACT,TTGAGATAGATACTATTTTTTACTTGCCTGCGGATGGAGCCACTGGCTTTGAACATGAAACAATTAAG,TGGAGCCACTGGCTTTGAACATGAAACAATTAAGGTATCTAGTGCTACTGTGTGGGAGAGCTAAGGTT,TTTGAATGTACAATATACCATTAATATTTTATAAATACCCTTTTCCGGGTATGGTAGAGAAGACCAATATGTTATAATTTCTTTGAAAATACTGATTAAGATTTAAATGTATTTCACAGTTCCATCTCTCTTATGCAGAGAAAGATTGGCTCCAGAGAGAGCCAAGATGAGAAGCCCATCAGGAAGTTCTTAGGCGAGCAGCCAAGGATCTTCCCATCTATACCAGGACCATGTCTGGAG,chr8_+_sliding_nonchg_nonskip_10000001_nonchgCase_UyWTEXE6gOg
0.64771444,0.071222425,0.09615733,0.11098932,0.08748747,0.100830995,TGTGTTCCTTATGGCCTATCATCTACTTTTTGCAATGTTTGTCTGGTCATACTGGAAAACTATCTTTACATTACCAATGAATCCTTCAAAAGAAGTAAGTTAAAATATTAACGAAATTATTCTAATAATAGAAATCAATAATACTGATGTATTATTGAAGAACGAATTTTTTTTTAATGTTGCAAACT,TTGAGATAGATACTATTTTTTACTAGCCTGCGGATGGAGCCACTGGCTTTGAACATGAAACAATTAAG,TGGAGCCACTGGCTTTGAACATGAAACAATTAAGGTATCTAGTGCTACTGTGTGGGAGAGCTAAGGTT,TTTGAATGTACAATATACCATTAATATTTTATAAATACCCTTTTCCGGGTATGGTAGAGAAGACCAATATGTTATAATTTCTTTGAAAATACTGATTAAGATTTAAATGTATTCCACAGTTCCATCTCTCTTATGCAGAGAAAGATTGGCTCCAGAGAGAGCCAAGAGGAGAAGCCCATCAGGAAGTTCTTAGGCGAGCAGCCAAGGATCTTCCCATCTATACCAGGACCATGTCTGGAG,chr8_+_sliding_nonchg_nonskip_10000001_nonchgCase_UyWTEXE6gOg
0.6470237,0.05046338,0.16968477,0.07766507,0.06835033,0.08223732,TGTGTGCCTGATGGCCTATCATCTACTTTTTGCAATGTTTGTCTGGTCATACTGGAAAACTATCTTTACATTACCAATGAATCCTTCAAAAGAAGTAAGTTAAAATATTAACGAAATTATTCTAATAATAGAAATCAATAATACTGATGTATTATTGAAGAACGAATTTTATTTTAATGTTGCAAACT,TTGAGATAGATACTATTTTTTACTAGCCTGCGGATGGAGCCACTGGCTTTGAACATGAAAGAATTAAG,TGGAGCCACTGGCTTTGAACATCAAACAATTAAGGTATCTAGTGCTACTGTGTGGGAGAGCTAAGGTT,TTTGAATGTACAATATACCATTAATATTTTATAAATACCCTTTTCCGGGTATGGTAGAGAAGACCAATATGTTATAATTTCTTTGAAAATACTGATTAAGATTTAAATGTATTCCACAGTTCCATCTCTCTTATGCAGAGAAAGATTGGCTCCAGAGAGAGCCAAGAGGAGAAGCCCATCAGGAAGTTCTTAGGCGAGCAGCCAAGGATCTTCCCATCTATACCAGGACCATGTCTGGAG,chr8_+_sliding_nonchg_nonskip_10000001_nonchgCase_UyWTEXE6gOg
0.6460498,0.11142572,0.10916192,0.16476618,0.11790104,0.15660308,TGTGTGCCTGATGGCCTATCATCTACTTTTTGCAATGTTTGTCTGGTCATACTGGAAAACTATCTTTACATTACCAATGAATCCCTCAAAAGAAGTAAGTTAAAATATTAACGAAATTATTCTAATAATAGAAATCAATAATACTGATGTATTATTGAAGAACGAATTTTATTTTAATGTTGCAAACT,TTGAGATAGATACTATTTTTTACTAGCCTGCGGATGGAGACACTGGCTTTGAACATGAAACAATTAAG,TGGAGCCACTGGCTTTGAACATGAAACAATTAAGGTATCTAGTGCTACTGTGTGGGAGAGCTAAGGTT,TTTGAATGTACAATATACCATTAATATTTTATAAATACCCTTTTCCGGGTATGGTAGAGAAGACCAATATGTTATAATTTCTTTGAAAATACTGATTAAGATTTAAATGTATTCCACAGTTCCATCTCTCTTATGCAGAGAAAGATTGGCTCCAGAGAGAGCCAAGAGGAGAAGCCCATCAGGAAGTTCTTAGGCGAGCAGCCAAGGATCTTCCCATCTATACCAGGACCATGTCTGGAG,chr8_+_sliding_nonchg_nonskip_10000001_nonchgCase_UyWTEXE6gOg
0.64557403,0.0874203,0.07943658,0.12409924,0.09892246,0.11972859,TGTGTGCCTGATGGCCTATCATCTACTTTTTGCAATGTTTGTCTGGTCATACTGGAAAACTATCTTTACATTACCAATGAATCCTTCAAAAGAAGTAAGTTAAAATATTAACGAAATTATTCTAATAATAGAAATCAATAATACTGATGTATTATTGAAGAACGAATTTTATTTTAATGTTGCAAACT,TTGAGATAGATACTATTTTTTACTAGCCTGCGGATGGAGCCACTGGCTTTGAACTTGAAACAATTAAG,TGGAGCCACTGGCTTTGAACATGAAACAATTAAGGTATCTAGTGCTACTGTGTGGGAGAGCTAATGTT,TTTGAATGTACAATATACCATTAATATTTTATAAATACCCTTTTCCGGGTATGGTAGAGAAGACCAATATGTTATAATTTCTTTGAAAATACTGATTAAGATTTAAATGTATTCCACAGTTCCATCTCTCTTATGCAGAGAAAGATTGGCTCCAGAGAGAGCCAAGAGGAGAAGCCCATCAGGAAGTTCTTAGGCGAGCAGCCAAGGATCTTCCCATCTATACCAGGACCATGTCTGGAG,chr8_+_sliding_nonchg_nonskip_10000001_nonchgCase_UyWTEXE6gOg
0.64552176,0.13054371,0.12268972,0.1959978,0.13548592,0.19425464,TGAGTGCCTGATGGCCTATCATCTACTTTTTGCAATGTTTGTCTGGTCATACTGGAAAACTATCTTTACATTACCAATGAATCCTTCAAAAGAAGTAAGTTAAAATATTAACGAAATTATTCTAATAATAGAAATCAATAATACTGATGTATTATTGAAGAACGAATTTTATTTTAATGTTGCAAACT,TTGAGATAGATACTATTTTTTACTAGCCTGCGGATGGAGTCACTGGCTTTGAACATGAAACAATTAAG,TGGAGCCACTGGCTTTGAACATGAAACAATTAAGGTATCTAGTGCTACTGTGTGGGAGAGCTAAGGTT,TTTGAATGTACAATATACCATTAATATTTTATAAATACCCTTTTCCGGGTATGGTAGAGAAGACCAATATGTTATAATTTCTTTGAAAATACTGATTAAGATTTAAATGTATTCCACAGTTCCATCTCTCTTATGCAGAGAAAGATTGGCTCCAGAGAGAGCCAAGAGGAGAAGCCCATCAGGAAGTTCTTAGGCGAGCAGCCAAGGATCTTCCCATCTATACCAGGACCATGTCTGGAG,chr8_+_sliding_nonchg_nonskip_10000001_nonchgCase_UyWTEXE6gOg
0.64400166,0.09932065,0.11205713,0.14171179,0.118576445,0.13721183,TGTGTGCCTGATGGCCTATCATCTACTTTTTGCAATGTTTGTCTGGTCATACTGGAAAACTATCTTTACATTACCAATGAATCCTTCAAAAGAAGTAAGTTAAAATATTAACGAAATTATTCTAATAATAGAAATCAATAATACTGATGTATTATTGAAGAACGAATTTTATTTTAATGTTGCAAACT,TTGAGATAGATACTATTTTTTACTAGCCTGCGGATGGAGCCACTGTCTTTGAACATGAAACAATTAAG,TGGAGCCACTGGCTTTGAACATGAAACAATTAAGGTATCTAGTGCTACTGTGTGGGAGAGCTAAGGTT,TTTGAATGTACAATATACCATTAATATTTTATAAATACCCTTTTCCGGGTATGGTAGAGAAGACCAATATGTTATAATTTCTTTGAAAATACTGATTAAGATTTAAATGTATTCCACAGTTCCATCTCTCTTATGCAGAGAAAGATTGGCTCCAGAGAGAGCCAAGAGGAGAAGCCCATCAGGAAGTTCTTAGGCGAGCAGCCAAGGATCTTCCCATCTATACCAGGACCATGTCTGGAG,chr8_+_sliding_nonchg_nonskip_10000001_nonchgCase_UyWTEXE6gOg
0.64306015,0.10068779,0.10565801,0.14128397,0.11172341,0.13641295,TGTGTGCCTGATGGCCTATCATCTACTTTTTGCAATGTTTGTCTGGTCATACTGGAAAACTATCTTTACATTACCAATGAATCCTTCAAAAGAAGTAAGTTAAAATATTAACGAAATTATTCTAATAATAGAAATCAATAATACTGATGTATTATTGAAGAACGAATTTTATTTTAATGTTGCAAACT,TTGAGATAGATACTATTTTTTACTAGCCTGCGGATGGAGCCACTGGCATTGAACATGAAACAATTAAG,TGGAGCCACTGGCTTTGAACATGAAACAATTAAGGTATCTAGTGCTACTGTGTGGGAGAGCTAAGGTT,TTTGAATGTACAATATACCATTAATATTTTATAAATACCCTTTTCCGGGTATGGTAGAGAAGACCAATATGTTATAATTTCTTTGAAAATACAGATTAAGATTTAAATGTATTCCACAGTTCCATCTCTCTTATGCAGAGAAAGATTGGCTCCAGAGAGAGCCAAGAGGAGAAGCCCATCAGGAAGTTCTTAGGCGAGCAGCCAAGGATCTTCCCATCTATACCAGGACCATGTCTGGAG,chr8_+_sliding_nonchg_nonskip_10000001_nonchgCase_UyWTEXE6gOg
0.6427832,0.060330406,0.085423,0.0895,0.07329253,0.089729816,TGTGTGCCTGATGGCCTATCATCTACTTTTTGCAATGTTTGTCTGGTCATACTGGAAAACTATCTTTACATTACCAATGAATCCTTCAAAAGAAGTAAGTTACAATATTAACGAAATTATTCTAATAATAGAAATCAATAATACTGATGTATTATTGAAGAACGAATTTTATTTTAATGTTGCAAACT,TTGAGATAGATACTATTTTTTACTAGCCTGCGGATGGAGCCACTGGCTTTGAACATGAAACAATTAAG,TGGAGCCACTGACTTTGAACATGAAACAATTAAGGTATCTAGTGCTACTGTGTGGGAGAGCTAAGGTT,TTTGAATGTACAATATACCATTAATATTTTATAAATACCCTTTTCCGGGTATGGTAGAAAAGACCAATATGTTATAATTTCTTTGAAAATACTGATTAAGATTTAAATGTATTCCACAGTTCCATCTCTCTTATGCAGAGAAAGATTGGCTCCAGAGAGAGCCAAGAGGAGAAGCCCATCAGGAAGTTCTTAGGCGAGCAGCCAAGGATCTTCCCATCTATACCAGGACCATGTCTGGAG,chr8_+_sliding_nonchg_nonskip_10000001_nonchgCase_UyWTEXE6gOg
0.6427753,0.058570568,0.08409051,0.09103061,0.07469307,0.08842833,TGTGTGCCTGATGGCCTATCATCTACTTTTTGCAATGTTTGTCTGGTCATACTGGAAAACTATCTTTACATTACCAATGAATCCTTCAAAAGAAGTAAGTTAAAATATTAACGAAATTATTCTAATAATAGAAATCAATAATACTGATGTATTATTGAAGAACGAATTTTATTTTAATGTTGCAAACT,TTGAGATAGATACTATTTTTTACTAGCCTGCGGATGGAGCCACTGGCTTTGAACATGAAACAATTAAG,TGGAGCCACTGGCTTTGAACATGAAACAATTAAGGTATCTAGTGCTACTGTGTGGAAGAGCTAAGGTT,TTTGAATGTACAATATACCATTAATATTTTATAAATACCCTTTTCCGGGTATGGTAGAGAAGACCAATATGTTATAATTTCTTTGAAAATACTGATTAAGATTTAAATGTATTCCACAGTTCCATCTCTCTTATGCAGAGAAAGCTTGGCTCCAGAGAGAGCCAAGAGGAGAAGCCCATCAGGAAGTTCTTAGGCGAGCAGCCAAGGATCTTCCCATCTATACCAGGACCATGTCTGGAG,chr8_+_sliding_nonchg_nonskip_10000001_nonchgCase_UyWTEXE6gOg
0.6422077,0.10810515,0.12573752,0.16232064,0.121966526,0.15582603,TGTGTGCCTGATGGCCTATCATCTACTTTTTGCAATGTTTGTCTGGTCATACTGGAAAACTATCTTTACATTACCAATGAATCCTTCAAAAGAAGTAAGTTAAAATATTAACGAAATTATTCTAATAATAGAAATCAATAATACTGATGTATTATTGAAGAACGAATTTTATTTTAATGTTGCAAACT,TTGAGATAGATACTATTTTTTACTTGCCTGCGGATGGAGCCACTGGCTTTGAACATGAAACAATTAAG,TGGAGCCACTGGCTTTGAACATGAAACAATTAAGGTATCTAGTGCTAATGTGTGGGAGAGCTAAGGTT,TTTGAATGTACAATATACCATTAATATTTTATAAATACCCTTTTCCGGGTATGGTAGAGAAGACCAATATGTTATAATTTCTTTGAAAATACTGATTAAGATTTAAATGTATTCCACAGTTCCATCTCTCTTATGCAGAGAAAGATTGGCTCCAGAGAGAGCCAAGAGGAGAAGCCCATCAGGAAGTTCTTAGGCGAGCAGCCAAGGATCTTCCCATCTATACCAGGACCATGTCTGGAG,chr8_+_sliding_nonchg_nonskip_10000001_nonchgCase_UyWTEXE6gOg
0.6416423,0.054650754,0.09701762,0.08131905,0.06556314,0.07192454,TGTGTGCCTGATGGCCTATCATCTACTTTTTGCAATGTTTGTCTGGTCATACTGGAAAACTATCTTTACATTACCAATGAATCCTTCAAAAGAAGTTAGTTAAAATATTAACGAAATTATTCTAATAATAGAAATCAATAATACTGATGTATTATTGAAGAACGAATTTTATTTTAATGTTGCAAACT,TTGAGATAGATACTATTTCTTACTAGCCTGCGGATGGAGCCACTGGCTTTGAACATGAAACAATTAAG,TGGAGCCACTGGCTTTGAACATGAAACAATTAAGGTATCTAGTGCTACTGTGTGGGAGAACTAAGGTT,TTTGAATGTACAATATACCATTAATATTTTATAAATACCCTTTTCCGGGTATGGTAGAGAAGACCAATATGTTATAATTTCTTTGAAAATACTGATTAAGATTTAAATGTATTCCACAGTTCCATCTCTCTTATGCAGAGAAAGATTGGCTCCAGAGAGAGCCAAGAGGAGAAGCCCATCAGGAAGTTCTTAGGCGAGCAGCCAAGGATCTTCCCATCTATACCAGGACCATGTCTGGAG,chr8_+_sliding_nonchg_nonskip_10000001_nonchgCase_UyWTEXE6gOg
0.6387716,0.117519505,0.115316786,0.15452021,0.124075755,0.1473928,TGTGTGCCTGATGGCCTATCATCTACTTTTTGCAATGTTTGTCTGGTCATACTGGAAAACTATCTTTACATTACCAATGAATCCTTCAAAAGAAGTAAGTTAAAATATTAACGAAATTATTCTAATAATAGAAATCAATAATACTGATGTATTATTGAAGAACGAATTTTATTTTAATGTTGCAAACT,TTGAGATAGATACTATTTTTTACTAGCCTGCGGAGGGAGCCACTGGCTTTGAACATGAAACAATTAAG,TGGAGCCACTGGCTTTGAACATGAAACAATTAAGGTATCTAGTGCTACTGTGTGGGAGAGCTAAGGTT,TTTGAATGTACAATATACCATTAATATTTTATAAATACCCTTTTCCGGGTATGGTAGAGAAGACCAATATGTTATAATTTCTTTGAAAATACTGATTAAGATTTAAATGTATTCCACAGTTCCATCTCTCTTATGCAGAGAAAGATTGGCTCCAGAGAGAGCCAAGAGGAGAAGCCCATCAGGAAGTTCTTAGGCGAGCAGCCAAGGATCTTCCCATCTATACCAGGACCATGTCTGGAG,chr8_+_sliding_nonchg_nonskip_10000001_nonchgCase_UyWTEXE6gOg
0.63834316,0.05947067,0.08620735,0.086422816,0.0755055,0.08950995,TGTGTGCCTGATGGCCTATCATCTACTTTTTGCAATGTTTGTCTGGTCATACTGGAAAACTATCTTTACATTACCAATGAATCCTTCAAAAGAAGTAAGTTAAAATATTAACGAAATTATTCTAATAATAGAAATCAATAATACTGATGTATTATTGAAGAACGAATTTTATTTTAATGTTGCAAACT,TTGAGATAGATACTATTTTTTACTAGCCTGCGGATGGAGCCACTGGCTTTGAACATGAAACAATTAAG,TGGAGCCACTGGCTTTGAACAGGAAACAATTAAGGTATCTAGTGCTACTGTGTGGGAGAGCTAAGGTT,TTTGAATGTACAATATACCATTAATATTTTATAAATACCCTTTTCCGGGTATGGTAGAGAAGACCAATATGTTATAATTTCTTTGAAAATACTGATTAAGATTTAAATGTATTCCACAGTTCCATCTCTCTTATGCAGAGAAAGATTGGCTCCAGAGAGAGCCAAGAGGAGAAGCCCATCAGGAAGTTCTTAGGCGAGCAGCCAAGGATCTTCCCATCTATACCAGGACCATGTTTGGAG,chr8_+_sliding_nonchg_nonskip_10000001_nonchgCase_UyWTEXE6gOg
0.6382439,0.07945816,0.18439692,0.13334382,0.093657136,0.12810366,TGTGTGCCTGATGGCCTATCATCTACTTTTTGCAATGTTTGTCTGGTCATACTGGAAAACTATCTTTACATTACCAATGAATCCTTCAAAAGAAGTAAGTTAAAATATTAACGTAATTATTCTAATAATAGAAATCAATAATACTGATGTATTATTGAAGAACGAATTTTATTTTAATGTTGCAAACT,TTGAGATAGATACTATTCTTTACTAGCCTGCGGATGGAGCCACTGGCTTTGAACATGAAACAATTAAG,TGGAGCCACTGGCTTTGAACATGAAACAATTAAGGTATCTAGTGCTACTGTGTGGGAGAGCTAAGGTT,TTTGAATGTACAATATACCATTAATATTTTATAAATACCCTTTTCCGGGTATGGTAGAGAAGACCAATATGTTATAATTTCTTTGAAAATACTGATTAAGATTTAAATGTATTCCACAGTTCCATCTCTCTTATGCAGAGAAAGATTGGCTCCAGAGAGAGCCAAGAGGAGAAGCCCATCAGGAAGTTCTTAGGCGAGCAGCCAAGGATCTTCCCATCTATACCAGGACCATGTCTGGAG,chr8_+_sliding_nonchg_nonskip_10000001_nonchgCase_UyWTEXE6gOg
0.6380968,0.07197927,0.07881344,0.12094285,0.10401496,0.111725785,TGTGTGCCTGATGGCCTATCATCTACTTTTTGCAATGTTTGTCTGGTCATACTGGATAACTATCTTTACATTACCAATGAATCCTTCAAAAGAAGTAAGTTAAAATATTAACGAAATTATTCTAATAATAGAAATCAATAATACTGATGTATTATTGAAGAACGAATTTTATTTTAATGTTGCAAACT,TTGAGATAGATACTATTTTTTACTAGCCTGCGCATGGAGCCACTGGCTTTGAACATGAAACAATTAAG,TGGAGCCACTGGCTTTGAACATGAAACAATTAAGGTATCTAGTGCTACTGTGTGGGAGAGCTAAGGTT,TTTGAATGTACAATATACCATTAATATTTTATAAATACCCTTTTCCGGGTATGGTAGAGAAGACCAATATGTTATAATTTCTTTGAAAATACTGATTAAGATTTAAATGTATTCCACAGTTCCATCTCTCTTATGCAGAGAAAGATTGGCTCCAGAGAGAGCCAAGAGGAGAAGCCCATCAGGAAGTTCTTAGGCGAGCAGACAAGGATCTTCCCATCTATACCAGGACCATGTCTGGAG,chr8_+_sliding_nonchg_nonskip_10000001_nonchgCase_UyWTEXE6gOg
0.6366796,0.054603323,0.0763191,0.09000817,0.06668238,0.081823386,TGTGTGCCTGATGGCCTATCATCTACTTTTTGCAATGTTTGTCTGGTCATACTGGAAAACTATCTTTACATTACCAATGAATCCTTCAAAAGAAGTAAGTTAAAATATTAACGAAATTATTCTAATAATAGAAATCAATAATACTGATGTATTATTGAAGAACGAATTTTATTTTAATGTTGCAAACT,TTGAGATAGATACTATTTTTTACTAGCCTGCGGATGGAGCCACTGGCTTTGAACATGAAACAATTAAG,TGGAGCGACTGGCTTTGAACATGAAACAATTAAGGTATCTAGTGCTACTGTGTGGGAGAGCTAAGGTT,TTTGAATGTACAATATACCATTAATATTTTATAAATACCCTTTTCCGGGTATGGTAGAGAAGACCAATATGTTATAATTTCTTTGAAAATACTGATTAAGATTTAAATGTATTCCACAGTTCCATCTCTCTTATGCAGAGAAAGATTGGCTCCAGAGAGAGCCAAGAGGAGAAGCCCATCAGGAAGTTCTTAGGCGAGCAGCCAAGGATCTTCCCATCTATACCAGGACCATGTCTGGAG,chr8_+_sliding_nonchg_nonskip_10000001_nonchgCase_UyWTEXE6gOg
0.6364766,0.0672188,0.09275952,0.10338893,0.08256281,0.09788085,TGTGTGCCTGATGGCCTATCATCTACTTTTTGCAATGTTTGTCTGGTCATACTGGAAAACTATCTTTACATTACCAATGAATCCTTCAAAAGAAGTAAGTTAAAATATTAACGAAATTATTCTAATAATAGAAATCAATAATACAGATGTATTATTGAAGAACGAATTTTATTTTAATGTTGCAAACT,TTGAGATAGATACTATTTTTTACTAGCCTGCGGATGGAGCCACTGGCTTTGAACATGAAACAATTAAG,TGGAGCCACTGGCTTTGAACATGAAACAATTAAGGTATCTAGTGCTACTGTGTGGGAGAGCTAAGGTT,TTTGAATGTACAATATACCATTAATATTTTATAAATACCCTTTTCCGGGTATGGTAGAGAAGACCAATATGTTATAATTTCTTTGAAAATACTGATTAAGATTTAAATGTATTCCACAGTTCCATCTCTCTTATGCAGAGAAAGATTGGCTCCAGAGAGAGCCAAGAGGAGAAGCCCATCTGGAAGTTCTTAGGCGAGCAGCCAAGGATCTTCCCATCTATACCAGGACCATGTCTGGAG,chr8_+_sliding_nonchg_nonskip_10000001_nonchgCase_UyWTEXE6gOg
0.6348754,0.05720017,0.08455305,0.094063394,0.07378418,0.086682715,TGTGTGCCTGATGGCCTATCATCTACCTTTTGCAATGTTTGTCTGGTCATACTGGAAAACTATCTTTACATTACCAATGAATCCTTCAAAAGAAGTAAGTTAAAATATTAACGAAATTATTCTAATAATAGAAATCAATAATACTGATGTATTATTGAAGAACGAATTTTATTTTAATGTTGCAAACT,TTGAGATAGATACTATTTTTTACTAGCCTGCGGATGGAGCCACTGGCTTTGAACATGAAACAATTAAG,TGGAGCCACTGGCTTTGAACGTGAAACAATTAAGGTATCTAGTGCTACTGTGTGGGAGAGCTAAGGTT,TTTGAATGTACAATATACCATTAATATTTTATAAATACCCTTTTCCGGGTATGGTAGAGAAGACCAATATGTTATAATTTCTTTGAAAATACTGATTAAGATTTAAATGTATTCCACAGTTCCATCTCTCTTATGCAGAGAAAGATTGGCTCCAGAGAGAGCCAAGAGGAGAAGCCCATCAGGAAGTTCTTAGGCGAGCAGCCAAGGATCTTCCCATCTATACCAGGACCATGTCTGGAG,chr8_+_sliding_nonchg_nonskip_10000001_nonchgCase_UyWTEXE6gOg
0.6340952,0.07499271,0.09501661,0.10107617,0.084645286,0.098685354,TGTGTGCCTGATGGCCTATCATCTACTTTTTGCAATGTTTGTCTGGTCATACTGGAAAACTATCTTTACATTACCAATGAATCCTTCAAAAGAAGTAAGTTAAAATATTAACGAAATTATTCTAATAATAGAAATCAATAATACTGATGTATTATTGAAGAACGAATTTTATTTTAATGTTGCAAACT,TTGAGATAGATACTATTGTTTACTAGCCTGCGGATGGAGCCACTGCCTTTGAACATGAAACAATTAAG,TGGAGCCACTGGCTTTGAACATGAAACAATTAAGGTATCTAGTGCTACTGTGTGGGAGAGCTAAGGTT,TTTGAATGTGCAATATACCATTAATATTTTATAAATACCCTTTTCCGGGTATGGTAGAGAAGACCAATATGTTATAATTTCTTTGAAAATACTGATTAAGATTTAAATGTATTCCACAGTTCCATCTCTCTTATGCAGAGAAAGATTGGCTCCAGAGAGAGCCAAGAGGAGAAGCCCATCAGGAAGTTCTTAGGCGAGCAGCCAAGGATCTTCCCATCTATACCAGGACCATGTCTGGAG,chr8_+_sliding_nonchg_nonskip_10000001_nonchgCase_UyWTEXE6gOg
0.63328236,0.10966126,0.10158259,0.17115802,0.13568588,0.17472993,TGTGTGCCTGATGGCCTATCATCTACTGTTTGCAATGTTTGTCTGGTCATACTGGAAAACTATCTTTACATTACCAATGAATCCTTCAAAAGAAGTAAGTTAAAATATTAACGAAATTATTCTAATAATAGAAATCAATAATACTGATGTATTATTGAAGAACGAATTTTATTTTAATGTTTCAAACT,TTGAGATAGATACTATGTTTTACTAGCCTGCGGATGGAGCCACTGGCTTTGAACATGAAACAATTAAG,TGGAGCCACTGGCTTTGAACATGAAACAATTAAGGTATCTAGTGCTACTGTGTGGGAGAGCTAAGGTT,TTTGAATGTACAATATACCATTAATATTTTATAAATACCCTTTTCCGGGTATGGTAGAGAAGACCAATATGTTATAATTTCTTTGAAAATACTGATTAAGATTTAAATGTATTCCACAGTTCCATCTCTCTTATGCAGAGAAAGATTGGCTCCAGAGAGAGCCAAGAGGAGAAGCCCATCAGGAAGTTCTTAGGCGAGCAGCCAAGGATCTTCCCATCTATACCAGGACCATGTCTGGAG,chr8_+_sliding_nonchg_nonskip_10000001_nonchgCase_UyWTEXE6gOg
0.63158756,0.058831885,0.087578095,0.09231611,0.07180671,0.085947715,TGTGTGCCTGATGGCCTATCATCTACTTTTTGCAATGTTTGTCTGGTCATACTGGAAAACTATCTTTACATTACCAATGAATCCTTCAAAAGAAGTAAGTTAAAATTTTAACGAAATTATTATAATAATAGAAATCAATAATACTGATGTATTATTGAAGAACGAATTTTATTTTAATGTTGCAAACT,TTGAGATAGATACTATTTTTTACTAGCCTGCGGATGGAGCCACTGGCTTTGAACATGAAACAATTAAG,TGGAGCCACTGGCTTTGAACATGAAACAATTAAGGTATCTAGTGCTACTGTGTGGCAGAGCTAAGGTT,TTTGAATGTACAATATACCATTAATATTTTATAAATACCCTTTTCCGGGTATGGTAGAGAAGACCAATATGTTATAATTTCTTTGAAAATACTGATTAAGATTTAAATGTATTCCACAGTTCCATCTCTCTTATGCAGAGAAAGATTGGCTCCAGAGAGAGCCAAGAGGAGAAGCCCATCAGGAAGTTCTTAGGCGAGCAGCCAAGGATCTTCCCATCTATACCAGGACCATGTCTGGAG,chr8_+_sliding_nonchg_nonskip_10000001_nonchgCase_UyWTEXE6gOg
0.630008,0.08698709,0.08970439,0.120133705,0.110882126,0.11524406,TGTGTGCCTGATGGCCTATCATCTACTTTTTGCAATGTTTGTCTGGTCATACTGGAAAACTATCTTTACATTACCAATGAATCCTTCAAAAGAAGTAAGTTAAAATATTAACGAAATTATTCTAATAATAGAAATCAATAATACTGATGTATTATTGAAGAACGAATTTTATTTTAATGTTGCAAACT,TAGAGATAGATACTATTTTTTACTAGCCTGCGGATGGAGCCACTGGCTTTGAACATGAAACAATTAAG,CGGAGCCACTGGCTTTGAACATGAAACAATTAAGGTATCTACTGCTACTGTGTGGGAGAGCTAAGGTT,TTTGAATGTACAATATACCATTAATATTTTATAAATACCCTTTTCCGGGTATGGTAGAGAAGACCAATATGTTATAATTTCTTTGAAAATACTGATTAAGATTTAAATGTATTCCACAGTTCCATCTCTCTTATGCAGAGAAAGATTGGCTCCAGAGAGAGCCAAGAGGAGAAGCCCATCAGGAAGTTCTTAGGCGAGCAGCCAAGGATCTTCCCATCTATACCAGGACCATGTCTGGAG,chr8_+_sliding_nonchg_nonskip_10000001_nonchgCase_UyWTEXE6gOg
0.6295925,0.061895557,0.09058656,0.097965665,0.07247143,0.08783248,TGTGTGCCTGATGGCCTATCATCTACTTTTTGCAATCTTTGTCTGGTCATACTGGAAAACTATCTTTACATTACCAATGAATCCTTCAAAAGAAGTAAGTTAAAATATTAACGAAATTATTCTAATAATAGAAATCAATAATACTGATGTATTATTGAAGAACGAATTTTATTTTAATGTTGCAAACT,TTGAGATAGATACTATTTTTTACTAGCCTGCGGATGGAGCCACTGGCTTTGAACATGAAACAATTAAG,TGGAGCCACAGGCTTTGAACATGAAACAATTAAGGTATCTAGTGCTACTGTGTGGGAGAGCTAAGGTT,TTTGAATGTACAATATACCATTAATATTTTATAAATACCCTTTTCCGGGTATGGTAGAGAAGACCAATATGTTATAATTTCTTTGAAAATACTGATTAAGATTTAAATGTATTCCACAGTTCCATCTCTCTTATGCAGAGAAAGATTGGCTCCAGAGAGAGCCAAGAGGAGAAGCCCATCAGGAAGTTCTTAGGCGAGCAGCCAAGGATCTTCCCATCTATACCAGGACCATGTCTGGAG,chr8_+_sliding_nonchg_nonskip_10000001_nonchgCase_UyWTEXE6gOg
0.6293887,0.09431018,0.13649726,0.13778025,0.122380175,0.13837375,TGTGTGCCTGATGGCCTATCATCTACTTTTTGCAATGTTTGTCTGGTCATACTGGAAAACTATCTTTACATTACCAATGAATCCTTCAAAAGAAGTAAGTTAAAATATTAACGAAATTATTCTAATAATAGAAATCAATAATACTGATGTATTATTGAAGAACGAATTTTATTTTAATGTTGCAAACT,TTGAGATAGATACTATTTTTTACTAGCCTGAGGATGGAGCCACTCGCTTTGAACATGAAACAATTAAG,TGGAGCCACTGGCTTTGAACATGAAACAATTAAGGTATCTAGTGCTACTGTGTGGGAGAGCTAAGGCT,TTTGAATGTACAATATACCATTAATATTTTATAAATACCCTTTTCCGGGTATGGTAGAGAAGACCAATATGTTATAATTTCTTTGAAAATACTGATTAAGATTTAAATGTATTCCACAGTTCCATCTCTCTTATGCAGAGAAAGATTGGCTCCAGAGAGAGCCAAGAGGAGAAGCCCATCAGGAAGTTCTTAGGCGAGCAGCCAAGGATCTTCCCATCTATACCAGGACCATGTCTGGAG,chr8_+_sliding_nonchg_nonskip_10000001_nonchgCase_UyWTEXE6gOg
0.6291663,0.11684338,0.112841204,0.17020862,0.120184764,0.16285583,TGTGTGCCTGATGGCCTATCATCTACTTTTTGCAATGTTTGTCTGGTCATACTGGAAAACTATCTTTACATTACCAATGAATCCTTCAAAAGAAGTAAGTTAAAATATTAACGAAATTATTCTAATAATAGAAATCAATAATACTGATGTATTATTGAAGAACGAATTTTATTTTAATGTTGCAAACT,TTGAGATAGATACTATTTTTTACTAGCCTGCGGATGGAGACACTGGCTTTGAACATGAAACAATTAAG,TGGAGCCACTGGCTTTGAACATGAAACAATTAAGGTATCTAGTGCTACTGTGTGGGAGAGCTAAGGTT,TTTGAATGTACAATATACCATTAATATTTTATAAATACCCTTTTCCGGGTATGGTAGAGAAGACCAATATGTTATAATTTCTTTGAAAATACTGATTAAGATTTAAATGTATTCCACAGTTCCATCTCTCTTATGCAGAGAAAGATTGGCTCCAGAGTGAGCCAAGAGGAGAAGCCCATCAGGAAGTTCTTAGGCGAGCAGCCAAGGATCTTCCCATCTATACCAGGACCATGTCTGGAG,chr8_+_sliding_nonchg_nonskip_10000001_nonchgCase_UyWTEXE6gOg
0.62838644,0.117709816,0.11499933,0.1826789,0.1247117,0.17800485,TGTGTGCCTGATGGCCTATCATCTACTTTTTGCAATGTTTGTCAGGTCATACTGGAAAACTATCTTTACATTACCAATGAATCCTTCAAAAGAAGTAAGTTAAAATATTAACGAAATTATTCTAATAATAGAAATCAATAATACTGATGTATTATTGAAGAACGAATTTTATTTTAATGTTGCAAACT,TTGAGATAGATACTATTTTTTACTAGCCTGCGGATGGAGTCACTGGCTTTGAACATGAAACAATTAAG,TGGAGCCACTGGCTTTGAACATGAAACAATTAAGGTATCTAGTGCTACTGTGTGGGAGAGCTAAGGTT,TTTGAATGTACAATATACCATTAATATTTTATAAATACCCTTTTCCGGGTATGGTAGAGAAGACCAATATGTTATAATTTCTTTGAAAATACTGATTAAGATTTAAATGTATTCCACAGTTCCATCTCTCTTATGCAGAGAAAGATTGGCTCCAGAGAGAGCCAAGAGGAGAAGCCCATCAGGAAGTTCTTAGGCGAGCAGCCAAGGATCTTCCCATCTATACCAGGACCATGTCTGGAG,chr8_+_sliding_nonchg_nonskip_10000001_nonchgCase_UyWTEXE6gOg
0.62684494,0.111543044,0.14526898,0.16935696,0.13958724,0.16685502,TGTGTGCCTGATGGCCTATCATCTACTTTTTGCAATGTTTGTCTGGTCATACTGGAAAACTATCTTTACATTACCAATGAATCCTTCAAAAGAAGTAAGTTAAAATATTAACGAAATTATTCTAATAATAGAAATCAATAATACTGATGTATTATTGAAGAACGAATTATATTTTAATGTTGCAAACT,TTGAGATAGATACTATTTTTTACTAGCCTGCCGATGGAGCCACTGGCTTTGAACATGAAACAATTAAG,TGGAGCCACTGGCTTTGAACATGAAACAATTAAGGTATCTAGTGCTACTGTGTGGGAGAGCTAAGGTT,TTTGAATGTACAATATACCATTAATATTTTATAAATACCCTTTTCCGGGTATGGTAGAGAAGACCAATATGTTATAATTTCTTTGAAAATACTGATTAAGATTTAAATGTATTCCACAGTTCCATCTCTCTTATGCAGAGAAAGATTGGCTCCAGAGAGAGCCAAGAGGAGAAGCCCATCAGGAAGTTCTTAGGCGAGCAGCCAAGGATCTTCCCATCTATACCAGGACCATGTCTGGAG,chr8_+_sliding_nonchg_nonskip_10000001_nonchgCase_UyWTEXE6gOg
0.6258683,0.07715633,0.09601187,0.10703687,0.09176799,0.09994551,TGTGTGCCTGATGGCCTATCATCTACTTTTTGCAATGTTTGTCTGGTCATACTGGAAAACTATCTTTACATTACCAATGAATCCTTCAAAAGAAGTAAGTTAAAATATTAACGAAATTATTCTAATAATAGAAATCAATAATACTGATGTATTATTGAAGAACGAATTTTATTTTAATGTTGCAAACT,TTGAGATAGATACTATTTTTTACTAGCCTGCGGATTGAGCCACTGGCTTTGAACATGAAACAATTAAG,TGGAGCCATTGGCTTTGAACATGAAACAATTAAGGTATCTAGTGCTACTGTGTGGGAGAGCTAAGGTT,TTTGAATGTACAATATACCATTAATATTTTATAAATACCCTTTTCCGGGTATGGTAGAGAAGACCAATATGTTATAATTTCTTTGAAAATACTGATTAAGATTTAAATGTATTCCACAGTTCCATCTCTCTTATGCAGAGAAAGATTGGCTCCAGAGAGAGCCAAGAGGAGAAGCCCATCAGGAAGTTCTTAGGCGAGCAGCCAAGGATCTTCCCATCTATACCAGGACCATGTCTGGAG,chr8_+_sliding_nonchg_nonskip_10000001_nonchgCase_UyWTEXE6gOg
0.62585586,0.060452957,0.102287605,0.08552342,0.07199241,0.08040079,TGTGTGCCTGATGGCCTATCATCTACTTTTTGCAATGTTTGTCTGGTCATACTGGAAAACTATCTTTACATTACCAATGAATCCTTCAAAAGAAGTAAGTTAAAATATTAACGAAATTATTCTAATAATAGAAATCAATAATACTGATGTATTATTGAAGAACGAATTTTATTTTAATGTTGCAAACT,TTGAGATAGATACTATTTCTTACTAGCCTGCGGATGGAGCCACTGGCTTTGAACATGAAACAATTAAG,TGGAGCCACTGGCTTTGAACATGAAACAATTAAGGTATCTAGTGCTACTGTGTGGGAGAGCTAAGGTT,TTTGAATGTACAATATACCATTAATATTTTATAAATACCCTTTTCCGGGTATGGTAGAGAAGACCAATATGTTATAATTTCTTTGAAAATACTGATTAAGATTTAAATGTATTCCACAGTTCCATCTCTCTTATGCAGACAAAGAGTGGCTCCAGAGAGAGCCAAGAGGAGAAGCCCATCAGGAAGTTCTTAGGCGAGCAGCCAAGGATCTTCCCATCTATACCAGGACCATGTCTGGAG,chr8_+_sliding_nonchg_nonskip_10000001_nonchgCase_UyWTEXE6gOg
0.6249146,0.10305676,0.10269617,0.15521368,0.109705955,0.14556904,TGTGTGCCTGATGGCCTATCATCTACTTTTTGCAATGTTTGTCTGGTCATACTGGAAAACTATCTTTACATTACCAATGAATCCTTCAAAAGAAGTAAGTTAAAATATTAACGAAATTATTCTAATAATAGAAATCAATAATACTGATGTATAATTGAAGAACGAATTTTATTTTAATGTTGCAAACT,TTGAGATAGATACTATTTTTTACTAGCCTGCGGATGGAGACACTGGCTTTGAACATGAAACAATTAAG,TGGAGCCACTGGCTTTGAACATGAAACAATTAAGGTATCTAGTGCTACTGTGTGGGAGAGCTAAGGTT,TTTGAATGTACAATATACCATTAATATTTTATAAATACCCTTTTCCGGGTATGGTAGAGAAGACCAATATGTTATAATTTCTTTGAAAATACTGATTAAGATTTAAATGTATTCCACAGTTCCATCTCTCTTATGCAGAGAAAGATTGGCTCCAGAGAGAGCCAAGAGGAGAAGCCCATCAGGAAGTTCTTAGGCGAGCAGCCAAGGATCTTCCCATCTATACCAGGACCATGTCTGGAG,chr8_+_sliding_nonchg_nonskip_10000001_nonchgCase_UyWTEXE6gOg
0.62210894,0.10822351,0.14262193,0.16452824,0.13593732,0.16258095,TGTGTGCCTGATGGCCTATCATCTACTTTTTGCAATGTTTGTCTGGTCATACTGGAAAACTATCTTTACATTACCAATGAATCCTTCAAAAGAAGTAAGTTAAAATATTAACGAAATTATTCTAATAATAGAAATCAATAATACTGATGTATTATTGAAGAACGAATTTTATTTTAATGTTGCAAACT,TTGAGATAGATACTATTTTTTACTAGCCTGCCGATGGAGCCACTGGCTTTGAACATGAAACAATTAAG,TGGAGCCACTGGCTTTGAACATGAAACAATTAAGGTATCTAGTGCTACTGTGTGGGAGAGCTAAGGTT,TTTGAATGTACAATATACCATTAATATTTTATAAATACCCTTTTCCGGGTATGGTAGAGAAGACCAATATGTTATAATTTCTTTGAAAATACTGATTAAGATTTAAATGTATTCCACAGTTCCATCTCTCTTATGCAGAGAAAGATTGGCTCCAGAGAGAGCCAAGAGGAGAAGCCCATCAGGAAGTTCTTAGGCGAGCAGCCAAGGATCTTCCCATCTATACCAGGACCATGTCTGGAG,chr8_+_sliding_nonchg_nonskip_10000001_nonchgCase_UyWTEXE6gOg
0.60983855,0.0522238,0.07502727,0.08128865,0.061748136,0.075122714,TGTGTGCCTGATGGCCTATCATCTACTTTTTGCAATGTTTGTCTGGTCATACTGGAAAACTATCTTTACATTACCAATGAATCCTTCAAAAGAAGTAAGTTAAAATATTAACGAAATTATTCTAATAATAGAAATCAATAATACTGATGTATTATTGAAGAACGAATTTTATTTTAATGTTGCAAACT,TTGAGATAGATACTATTTTTTACTAGCCTGCGGATGGAGCCACTGGCTTTGAACATGAAACAATTAAG,TGGAGCCACTGTCTTTGAACATGAAACAATTAAGGTATCTAGTGCTACTGTGTGGGAGAGCTAAGGGT,TTTGAATGTACAATATACCATTAATATTTTATAAATACCCTTTTCCGGGTATGGTAGAGAAGACCAATATGTTATAATTTCTTTGAAAATACTGATTAAGATTTAAATGTATTCCACAGTTCCATCTCTCTTATGCAGAGAAAGATTGGCTCCAGAGAGAGCCAAGAGGAGAAGCCCATCAGGAAGTTCTTAGGCGAGCAGCCAAGGATCTTCCCATCTATACCAGGACCATGTCTGGAG,chr8_+_sliding_nonchg_nonskip_10000001_nonchgCase_UyWTEXE6gOg
0.6085311,0.12608124,0.10822043,0.14809792,0.11666096,0.1392218,TGTGTGCCTGATGGCCTATCATCTACTTTTTGCAATGTTTGTCTGGTCATACTGGAAAACTATCTTTACATTACCAATGAATCCTTCAAAAGAAGTAAGTTAAAATATTAACGAAATTATTCTAATAATAGAAATCAATAATACTGATGTATTATTGAAGAACGAATTTTATTTTAATGTTGCAAACT,TTGAGATAGATACTATTTTTTACTAGCCTGCGGATGGAGCCACTGGCTTTGAACATGGAACAATTAAG,TGGAGCCACTGGCTTTGAACATGAACCAATTAAGGTATCTAGTGCTACTGTGTGGGAGAGCTAAGGTT,TTTGAATGTACAATATACCATTAATATTTTATAAATACCCTTTTCCGGGTATGGTAGAGAAGACCAATATGTTATAATTTCTTTGAAAATACTGATTAAGATTTAAATGTATTCCACAGTTCCATCTCTCTTATGCAGAGAAAGATTGGCTCCAGAGAGAGCCAAGAGGAGAAGCCCATCAGGAAGTTCTTAGGCGAGCAGCCAAGGATCTTCCCATCTATACCAGGACCATGTCTGGAG,chr8_+_sliding_nonchg_nonskip_10000001_nonchgCase_UyWTEXE6gOg
0.60704905,0.04966137,0.077652656,0.079030685,0.06253446,0.07383053,TGTGTGCCTGATGGCCTATCATCTACTTTTTGCAATGTTTGTCTGGTCATACTGGAAAACTATCTTTACATTACCAATGAATCCTTCAAAAGAAGTAAGTTAAAATATTAACGAAATTATTCTAATAATAGAAATCAATAATACTGATGTATTATTGAAGAACGAATTTTATTTTAATGTTGCAAACT,TTGAGATAGATACTATTTTTTACTAGCCTGCGGATGGAGCCACTGGCTTTGAACATGAAACAATTAAG,TGGAGCCACTGGCTTTGAACATGAAACAATTAAGGTATCTAGTGCTACTGTGTGCGAGAGCTAAGGTT,TTTGAATGTACAATATACCATTAATATTTTATAAATACCCTTTTCCGGGTATGGTAGAGAAGACCAATATGTTATAATTTCTTTGAAAATACTGATTAAGATTTAAATGTATTCCACAGTTCCATCTCTCTTATGCAGAGAAAGATTGGCTCCAGAGAGAGCCAAGAGGAGAAGCCCATCAGGAAGTTCTTAGGCGAGCAGCCAAGGATCTTCCCATCTATACCAGGACCATGTCTGGAG,chr8_+_sliding_nonchg_nonskip_10000001_nonchgCase_UyWTEXE6gOg
0.60669565,0.09115403,0.12687689,0.1535996,0.10621276,0.1713365,TGTGTGCCTGATGGCCTATCATCTACTTTTTGCAATGTTTGTCTGGTCATACTGGAAAACTATCTTTACATTACCAATGAATCCTTCAAAAGAAGTAAGTTAAAATATTAACGAAATTATTCTAATAATAGAAATCAATAATACTGATGTATTATTGAAGAACGAATTTTATTTTAATGTTGCAAACT,TTGAGATAGATACTATTTTTTACTACTTTAACGATGGAGCCACTGGCTTTGAACATGAAACAATTAAG,TGGAGCCACTGGCATTAAACATGAAACAATTAAGGTATCTAGTGCTACTGTGTGGGAGAGCTAAGGTT,TTTGAATGTACAATATACCATTAATATTTTATAAATACCCTTTTCCGGGTATGGTAGAGAAGACCAATATGTTATAATTTCTTTGAAAATACTGATTAAGATTTAAATGTATTCCACAGTTCCATCTCTCTTATGCAGAGAAAGATTTGTTGGAGAGAGAGCCAAGAGGAGAAGCCCATCAGGAAGTTCTTAGGCGAGCAGCCAAGGATCTTCCCATCTATACCAGGACCATGTCTGGAG,chr8_+_sliding_nonchg_nonskip_10000001_nonchgCase_UyWTEXE6gOg
0.605385,0.12387676,0.17165852,0.18902732,0.14163561,0.18884797,TGTGTGCCTGATGGCCTATCATCTACTTTTTGCAATGTTTGTCTGGTCATACTGGAAAACTATCTTTACATTACCAATGAATCCTTCAAAAGAAGTAAGTTAAAATATTAACGAAATTATTCTAATAATAGAAATCAATAATACTGATGTATTATTGAAGAACGAATTTTATTTTAATGTTGCAAACT,TTGAGATAGATACTATTTTTTAATAGCCTGCGGATGGAGCCACTGGCTTTGAACATGAAACAATTAAG,TGGAGCCACTGGCTTTGAACATGAAACAATTAAGGTATCTAGTGCTACTGTGTGGGAGAGCTAAGGTT,TTTGAATGTACAATATACCATTAATATTTTATAAATACCCTTTTCCGGGTATGGTAGAGAAGACCAATATGTTATAATTTCTTTGAAAATACTGATTAAGATTTAAATGTATTCCACAGTTCCATCTCTCTTATGCAGAGAAAGATTGGCTCCAGAGAGAGCCAAGAGGAGAAGCCCATCAGGAAGTTCTTAGGCGAGCAGCCAAGGATCTTCCCATCTATACCAGGACCATGTCTGGAG,chr8_+_sliding_nonchg_nonskip_10000001_nonchgCase_UyWTEXE6gOg
0.60448253,0.10211702,0.14593086,0.16742767,0.12148403,0.16503984,TGTGTGCCTGATGGCCTATCATCTACTTTTTGCAATGTGTGTCTGGTCATACTGGAAAACTATCTTTACATTACCAATGAATCCTTCAAAAGAAGTAAGTTAAAATATTAACGAAATTATTCTAATAATAGAAATCAATAATACTGATGTATTATTGAAGAACGAATTTTATTTTAATGTTGCAAACT,TTGAGATAGATACTATTTTTTACTAGCCTGCGGATGGAGCCACTGGCTTTGAACATGAAATAATTAAG,TGGAGCCACTGGCTTTGAACATGAAACAATTAAGGTATCTAGTGCTACTGTGTGGGAGAGCTAAGGTT,TTTGAATGTACAATATACCATTAATATTTTATAAATACCCTTTTCCGGGTATGGTAGAGAAGACCAATATGTTATAATTTCTTTGAAAATACTGATTAAGATTTAAATGTATTCCACAGTTCCATCTCTCTTATGCAGAGAAAGATTGGCTCCAGAGAGAGCCAAGAGGAGAAGCCCATCAGGAAGTTCTTAGGCGAGCAGCCAAGGATCTTCCCATCTATACCAGGACCATGTCTGGAG,chr8_+_sliding_nonchg_nonskip_10000001_nonchgCase_UyWTEXE6gOg
0.6044667,0.1073466,0.1330476,0.15947202,0.11490931,0.15039675,TGTGTGCCTGATGGCCTATCATCTACTTTTTGCAATGTTTGTCTGGTCATACTGGAAAACTATCTTTACATTACCAATGAATCCTTCAAAAGAAGTAAGTTAAAATATTAACGAAATTATTCTAATAATAGAAATCAATAATACTGATGTATTATTGAAGAACGAATTTTATTTTAATGTTGCAAACT,TTGAGATAGATACTATTTTTTACTAGCCTGCGGATGGAGCCACTGGCTTTGAACATGAGACAATTAAG,TGGAGCCACTGGCTTTGAACATGAAACAATTAAGGTATCTATTGCTACTGTGTGGGAGAGCTAAGGTT,TTTGAATGTACAATATACCATTAATATTTTATAAATACCCTTTTCCGGGTATGGTAGAGAAGACCAATATGTTATAATTTCTTTGAAAATACTGATTAAGATTTAAATGTATTCCACAGTTCCATCTCTCTTATGCAGAGAAAGATTGGCTCCAGAGAGAGCCAAGAGGAGAAGCCCATCAGGAAGTTCTTAGGCGAGCAGCCAAGGATCTTCCCATCTATACCAGGACCATGTCTGGAG,chr8_+_sliding_nonchg_nonskip_10000001_nonchgCase_UyWTEXE6gOg
0.60116947,0.053029522,0.07821655,0.087015554,0.06249033,0.075892106,TGTGTGCCTGATGGCCTATCATCTACTTTTTGCAATGTTTGTCTGGTCATACTGGAAAACTATCTTTACATTACCAATGAATCCTTCAAAAGAAGTAAGTTAAAATATTAACGAAATTATTCTAATAATAGAAATCAATAATACTGATGTATTATTGAAGAACGAATTTTATTTTAATGTTGCAAACT,TTGAGATAGATACTATTTTTTACTAGCCTGCGGATGGAGCCACTGGCTTTGAACATGAAACAATTAAG,TGGAGCCACTGGCTTTAAACATGAAACAATTAAGGTATCTAGTGCTACTGTGTGGGAGAGCTAAGGTT,TTTGAATGTACAATATACCATTAATATTTTATAAATACCCTTTTCCGGGTATGGTAGAGAAGACCAATATGTTATAATTTCTTTGAAAATACTGATTAAGATTTAAATGTATTCCACAGTTCCATCTCTCTTATGCAGAGAAAGATTGGCTCCAGAGAGAGCCAAGAGGAGAAGCCCATCAGGAAGTTCTTAGGCGAGCAGCCAAGGATCTTCCCATCTATACCAGGACCATGTCTGGAG,chr8_+_sliding_nonchg_nonskip_10000001_nonchgCase_UyWTEXE6gOg
0.60059696,0.07706822,0.13532789,0.11915397,0.103716746,0.117640674,TGTGTGCCTGATGGCCTATCATCTACTTTTTGCAATGTTTGTCTGGTCATACTGGAAAACTATCTTTACATTACCAATGAATCCTTCAAAAGAAGTAAGTTAAAATATTAACGAAATTATTCTAATAATAGAAATCAATAATACTGATGTATTATTGAAGAACGAATTTTATTTTAATGTTGCAAACT,TTGAGATAGATACTATTTTTTAGTAGCCTGCGGATGGAGCCACTGGCTTTGAACATGAAACAATTAAG,TGGAGCCACTGGCTTTGAACATGAAACAATTAAGGTATCTAGTGCTACTGTGTGGGAGAGCTAAGGTT,TTTGAATGTACAATATACCATTAATATTTTATAAATACCCTTTTCCGGGTATGGTAGAGAAGACCAATATGTTATAATTTCTTTGAAAATACTGATTAAGATTTAAATGTATTCCACAGTTCCATCTCTCTTATGCAGAGAAAGATTGGCTCCAGAGAGAGCCAAGAGGAGAAGCCCATCAGGAAGTTCTTAGGCGAGCAGCCAAGGATCTTCCCATCTATACCAGGACCATGTCTGGAG,chr8_+_sliding_nonchg_nonskip_10000001_nonchgCase_UyWTEXE6gOg
0.5994708,0.048695456,0.07477935,0.07542166,0.061077368,0.072377555,TGTGTGCCTGATGGCCTATCATCTACTTTTTGCAATGTTTGTCTGGTCATACTGGAAAACTATCTTTACATTACCAATGAATCCTTCAAAAGAAGTAAGTTAAAATATTAACGAAATTATTCTAATAATAGAAATCAATAATACTGATGTATTATTGAAGAACGAATTTTATTTTAATGTTGCAAACT,TTGAGATAGATACTATTTTTTACTAGCCTGCGGATGGAGCCACTGGCTTTGAACATGAAACAATTAAG,TGGAGCCACTGGCTTTGAACATGAAACAATTAAGGTATCTAGTGCTACTGTGTGCGAGAGCTAAGGTT,TTTGAATGTACAATATACCATTAATATTTTATAAATACCCTTTTCCGGGTATGGTAGAGAAGACCAATATGTTATAATTTCTTTGAAAATACTTATTAAGATTTAAATGTATTCCACAGTTCCATCTCTCTTATGCAGAGAAAGATTGGCTCCAGAGAGAGCCAAGAGGAGAAGCCCATCAGGAAGTTCTTAGGCGAGCAGCCAAGGATCTTCCCATCTATACCAGGACCATGTCTGGAG,chr8_+_sliding_nonchg_nonskip_10000001_nonchgCase_UyWTEXE6gOg
0.5927813,0.07444851,0.16126117,0.14524704,0.078708276,0.12435694,TGTGTGCCTGATGGCCTATCATCTACTTTTTGCAATGTTTGTCTGGTCATACTGGAAAACTATCTTTACATTACCAATGAATCCTTCAAAAGAAGTAAGTTAAAATATTAACGAAATTATTCTAATAATAGAAATCAATAATACTGATGTATTATTGAAGAACGAATTTTATTTTAATGTTGCAAACT,TTGAGATCGATACTATTTTTTACTAGCCTGCGGATGGAGCCACTGGCTTTGAACATGAAACAATTAAG,TGGAGCCACTGGCTTTGAACATGAAACAATTTAGGTATCTAGTGCTACTGTGTGGGAGAGCTAAGGTT,TTTGAATGTACAATATACCATTAATATTTTATAAATACCCTTTTCCGGGTATGGTAGAGAAGACCAATATGTTATAATTTCTTTGAAAATACTGATTAAGATTTAAATGTATTCCACAGTTCCATCTCTCTTATGCAGAGAAAGATTGGCTCCAGAGAGAGCCAAGAGGAGAAGCCCATCAGGAAGTTCTTAGGCGAGCAGCCAAGGATCTTCCCATCTATACCAGGACCATGTCTGGAG,chr8_+_sliding_nonchg_nonskip_10000001_nonchgCase_UyWTEXE6gOg
0.58892834,0.09544475,0.13686164,0.15508156,0.11339101,0.15393922,TGTGTGCCTGATGGCCTATCATCTACTTTTTGCAATGTTTGTCTGGTCATACTGGAAAACTATCTTTACATTACCAATGAATCCTTCAAAAGAAGTAAGTTAAAATATTAACGAAATTATTCTAATAATAGAAATCAATAATACTGATGTATTATTGAAGAACGAATTTCATTTTAATGTTGCAAACT,TTGAGATAGATACTATTTTTTACTAGCCTGCGGATGGAGCCACTGGCTTTGAACATGAAATAATTAAG,TGGAGCCACTGGCTTTGAACATGAAACAATTAAGGTATCTAGTGCTACTGTGTGGGAGAGCTAAGGTT,TTTGAATGTACAATATACCATTAATATTTTATAAATACCCTTTTCCGGGTATGGTAGAGAAGACCAATATGTTATAATTTCTTTGAAAATACTGATTAAGATTTAAATGTATTCCACAGTTCCATCTCTCTTATGCAGAGAAAGTTTGGCTCCAGAGAGAGCCAAGAGGAGAAGCCCATCAGGAAGTTCTTAGGCGAGCAGCCAAGGATCTTCCCATCTATACCAGGACCATGTCTGGAG,chr8_+_sliding_nonchg_nonskip_10000001_nonchgCase_UyWTEXE6gOg
0.5825325,0.04419764,0.064520225,0.068509586,0.056185853,0.064651005,TGTGTGCCTGATGGCCTATCATCTACTTTTTGCAATGTTTGTCTGGTCATACTGGAAAACTATCTTTACATTACCAATGAATCCTTCAAAAGAAGTAAGTTAAAATATTAACGAAATTATTCTAATAATAGAAATCAATAATACTGATGTATTATTGAAGAACGAATTTTATTTTAATGTTGCAAACT,TTGAGATAGATACTATTTTTTACTAGCCTGCGGATGGAGCCACTGGCTTTGAACATGAAACAATTAAG,TGGAGCCACTGGCTTTGAACTTGAAACAATTAAGGTATCTAGTGCTACTGTGTGGGAGAGCTAAGGTT,TTTGAATGTACAATATACCATTAATATTTTATAAATACCCTTTTCCGGGTATGGTAGAGAAGACCAATATGTTATAATTTCTTTGAAAATACTGATTAAGATTTAAATGTATTCCACAGTTCCATCTCTCTTATGCAGAGAAAGATTGGCTCCAGAGAGAGCCAAGAGGAGAAGCCCATCAGGAAGTTCTTAGGCGAGCAGCCAAGGATCTTCCCATCTATACCAGGACGATGTCTGGAG,chr8_+_sliding_nonchg_nonskip_10000001_nonchgCase_UyWTEXE6gOg
0.5823223,0.10475336,0.1159368,0.15064764,0.12904553,0.14265826,TGTGTGCCTGATGGCCTATCATCTACTTTTTGCAATGTTTGTCTGGTCATACTGGAAAACTATCTTTACATTACCAATGAATCCTTCAAAAGAAGTAAGTTAAAATATTAACGAAATTATTCTAATAATAGAAATCAATAATACTGATGTATTATTGAAGAACGAATTTTATTTTAATGTTGCAAACT,TTGAGATAGATACTATTTTATACTAGCCTGCGGATGGAGCCACTGGCTTTGAACATGAAACAATTAAG,TGGAGCCACTGGCTTTGAACATGAAACAATTAAGGTATCTAGTGCTACTGTGTGGGAGAGCTAAGGTT,TTTGAATGTACAATATACCATTAATATTTTATAAATACCCTTTTCCGGGTATGGTAGAGAAGACCAATATGTTATAATTTCTTTGAAAATACTGATTAAGATTTAAATGTATTCCACAGTTCCATCACTCTTATGCAGAGAAAGATTGGCTCCAGAGAGAGCCAAGAGGAGAAGCCCATCAGGAAGTTCTTAGGCGAGCAGCCAAGGATCTTCCCATCTATACCAGGACCATGTCTGGAG,chr8_+_sliding_nonchg_nonskip_10000001_nonchgCase_UyWTEXE6gOg
0.5796065,0.08254497,0.08439362,0.114622295,0.09285337,0.10690482,TGTGTGCCTGATGGCCTATCATCTACTTTTTGCAATGTTTGTCTGGTCATACTGGAAAACTATCTTTACATTACCAATGAATCCTTCAAAAGAAGTAAGTTAAAATATTAACGAAATTATTCTAATAATAGAAATCAATAATACTGATGTATTATTGAAGAACGAATTTTATTTTAATGTTGCAAACT,TTGAGATAGATACTATTTTGTACTAGCCTGCGGATGGAGCCACTGGCTTTGAACATGAAACAATTAAG,TGGAGCCACTGGCTTTGAACATGAAACAATTAAGGTATCTAGTGCTACTGTGTGGGAGAGCTAAGGTT,TTTGAATGTACAATATACCATTAATATTTTATAAATACCCTTTTCCGGGTATGGTAGAGAAGACCAATATGTTATAATATCTTTGAAAATACTGATTAAGATTTAAATGTATTCCACAGTTCCATCTCTCTTATGCAGAGAAAGATTGGCTCCAGAGAGAGCCAAGAGGAGAAGCCCATCAGGAAGTTCTTAGGCGAGCAGCCAAGGATCTTCCCATCTATACCAGGACCATGTCTGGAG,chr8_+_sliding_nonchg_nonskip_10000001_nonchgCase_UyWTEXE6gOg
0.5749502,0.046357956,0.072563715,0.07400676,0.058469724,0.06921445,TGTGTGCCCGATGGCCTATCATCTACTTTTTGCAATGTTTGTCTGGTCATACTGGAAAACTATCTTTACATTACCAATGAATCCTTCAAAAGAAGTAAGTTAAAATATTAACGAAATTATTCTAATAATAGAAATCAATAATACTGATGTATTATTGAAGAACGAATTTTATTTTAATGTTGCAAACT,TTGAGATAGATACTATTTTTTACTAGCCTGCGGATGGAGCCACTGGCTTTGAACATGAAACAATTAAG,TGGAGCCACTGGCTTTGAACATGAAACAATTAAGGTATCTAGTGCTACTGTGTGCGAGAGCTAAGGTT,TTTGAATGTACAATATACCATTAATATTTTATAAATACCCTTTTCCGGGTATGGTAGAGAAGACCAATATGTTATAATTTCTTTGAAAATACTGATTAAGATTTAAATGTATTCCACAGTTCCATCTCTCTTATGCAGAGAAAGATTGGCTCCAGAGAGAGCCAAGAGGAGAAGCCCATCAGGAAGTTCTTAGGCGAGCAGCCAAGGATCTTCCCATCTATACCAGGACCATGTCTGGAG,chr8_+_sliding_nonchg_nonskip_10000001_nonchgCase_UyWTEXE6gOg
0.57492447,0.10325373,0.11155301,0.14892775,0.113752596,0.1424254,TGTGTGCCTGATGGCCTATCATCTACTTTTTGCAATGTTTGTCTGGTCATACTGGAAAACTATCTTTACATTACCAATGAATCCTTCAAAAGAAGTAAGTTAAAATATTAACGAAATTATTCTAATAATAGAAATCAATAATACTGATGTATTATTGAAGAACGAATTTTATTTTAATGTTGCAAACT,TTGAGATAGATACTATTTTTTACTAGCCTGCGGATGGAGCCACTGGCCTTGAACATGAAACAATTAAG,TGGAGCCACTGGCTTTGAACATGAAACAATTAAGGTATCTAGTGCTCCTGTGTGGGAGAGCTAAGGTT,TTTGAATGTACAATATACCATTAATATTTTATAAAAACCCTTTTCCGGGTATGGTAGAGAAGACCAATATGTTATAATTTCTTTGAAAATACTGATTAAGATTTAAATGTATTCCACAGTTCCATCTCTCTTATGCAGAGAAAGATTGGCTCCAGAGAGAGCCAAGAGGAGAAGCCCATCAGGAAGTTCTTAGGCGAGCAGCCAAGGATCTTCCCATCTATACCAGGACCATGTCTGGAG,chr8_+_sliding_nonchg_nonskip_10000001_nonchgCase_UyWTEXE6gOg
0.57158244,0.11466677,0.15632068,0.1669631,0.12706313,0.16135773,TGTGTGCCTGATGGCCTATCATCTACTTTTTGCAATGTTTGTCTGGTCATACTGGAAAACTATCTTTACATTACCAATGAATCCTTCAAAAGAAGTAAGTTAAAATATTAACGAAATTATTCTAATAATAGAAATCAATAATACTGATGTATTATCGAAGAACGAATTTTATTTTAATGTTGCAAACT,TTGAGATAGATACTATTTTTTACAAGCCTGCGGATGGAGCCACTGGCTTTGAACATGAAACAATTAAG,TGGAGCCACTGGCTTTGAACATGAAACAATTAAGGTATCTAGTGCTACTGTGTGGGAGAGCTAAGGTT,TTTGAATGTACAATATACCATTAATATTTTATAAATACCCTTTTCCGGGTATGGTAGAGAAGACCAATATGTTATAATTTCTTTGAAAATACTGATTAAGATTTAAATGTATTCCACAGTTCCATCTCTCTTATGCAGAGAAAGATTGGCTCCAGAGAGAGCCAAGAGGAGAAGCCCATCAGGAAGTTCTTAGGCGAGCAGCCAAGGATCTTCCCATCTATACCAGGACCATGTCTGGAG,chr8_+_sliding_nonchg_nonskip_10000001_nonchgCase_UyWTEXE6gOg
0.56877404,0.085834414,0.13301156,0.13599373,0.10087232,0.13636109,TGTGTGCCTGATGGCCTATCATCTACTTTTTGCAATGTTTGTCTGGTCATACTGGAAAACTATCTTTACATTACCAATGAATCCTTCAAAAGAAGTAAGTTAAAATATTAACGAAATTATTCTAATAATAGAAATCAATAATACTGATGTATTATTGAAGAACGAATTTTATTTTAATGTTGCAAACT,TTGAGATAGATACTATTTTTTACTAGCCTGCGGATGGAGCCACTGGTTTTGAACATGAGACAATTAAG,TGGAGCCACTGGCTTTGAACATGAAACAATTAAGGTATCTAGTGCTACTGTGTGGGAGAGCTAAGGTT,TTTGAATGTACAATATACCATTAATATTTTATAAATACCCTTTTCCGGGTATGGTAGAGAAGACCAATATGTTATAATTTCTTTGAAAATACTGATTAAGATTTAAATGTATTCCACAGTTCCATCTCTCTTATGCAGAGAAAGATTGGCTCCAGAGAGAGCCAAGAGGAGAAGCCCATCAGGAAGTTCTTAGGCGAGCAGCCAAGGATCTTCCCATCTATACCAGGACCATGTCTGGAG,chr8_+_sliding_nonchg_nonskip_10000001_nonchgCase_UyWTEXE6gOg
0.5680472,0.050568126,0.07786367,0.08147638,0.05734088,0.07169719,TGTGTGCCTGATGGCCTATCATCTACTTTTTGCAATGTTTGTCTGGTCATACTGGAAAACTATCTTTACATTACCAATGAATCCTTCAAAAGAAGTAAGTTAAAATATTAACGAAATTATTCTAATAATAGAAATCAATAATACTGATGTATTATTGAAGAACGAATTTTATTTTAATGTTGCAAACT,TTGAGATAGATACTATTTTTTACTAGCCTGCGGATGGAGCCACTGGCTTTGAACATGAAACAATTAAG,TGGAGCCACTTGCTTTGAACATGAAACAATTAAGGTATCTAGTGCTACTGTGTGGGAGAGCTAAGGTT,TTTGAATGTACAATATACCATTAATATTTTATAAATACCCTTTTCCGGGTATGGTAGAGAAGACCAATATGTTATAATTTCTTTGAAAATACTGATTAAGATTTAAATGTATTCCACAGTTCCATCTCTCTTACGCAGAGAAAGATTGGCTCCAGAGAGAGCCAAGAGGAGAAGCCCATCAGGAAGTTCTTAGGCGAGCAGCCAAGGATCTTCCCATCTATACCAGGACCATGTCTGGAG,chr8_+_sliding_nonchg_nonskip_10000001_nonchgCase_UyWTEXE6gOg
0.5678078,0.11995288,0.15095358,0.17925662,0.13768937,0.17143042,TGTGTGCCTGATGGCCTATCATCTACTTTTTGCAATGTTTGTCTGGTCATACTGGAAAACTATCTTTACATTACCAATGAATCCTTCAAAAGAAGTAAGTTAAAATATTAACGAAATTATTCTAATAATAGAAATCAATAATACTGATGTATTATTGAAGAACGAATTTTATTTTAATGTTGCAAACT,ATGAGATAGATACTATTTTTTACTAGCCTGCGGATGGAGCCACTGGCTTTGAACATGAAACAATTAAG,TCGAGCCACTGGCTTTGAACATGAAACAATTAAGGTATCTAGTGCTACTGTGTGGGAGAGCTAAGGTT,TTTGAATGTACAATATACCATTAATATTTTATAAATACCCTTTTCCGGGTATGGTAGAGAAGACCAATATGTTATAATTTCTTTGAAAATACTGATTAAGATTTAAATGTATTCCACAGTTCCATCTCTCTTATGCAGAGAAAGATTGGCTCCAGAGAGAGCCAAGAGGAGAAGCCCATCAGGAAGTTCTTAGGCGAGCAGCCAAGGATCTTCCCATCTATACCAGGACCATGTCTGGAG,chr8_+_sliding_nonchg_nonskip_10000001_nonchgCase_UyWTEXE6gOg
0.56259745,0.09818708,0.14174458,0.15427469,0.10976866,0.15997139,TGTGTGCCTGATGGCCTATCTCAACGTTTTTGCAATGTTTGTCTGGTCATACTGGAAAACTATCTTTACATTACCAATGAATCCTTCAAAAGAAGTAAGTTAAAATATTAACGAAATTATTCTAATAATAGAAATCAATAATACTGATGTATTATTGAAGAACGAATTTTATTTTAATGTTGCAAACT,TTGAGATAGATACTATTTTTTACTATTGGCAAGATGGAGCCACTGGCTTTGAACATGAAACAATTAAG,TGGAGCCACTGGCTTTGAACATGAAACAATTAAGGTATCTAGTGCTACTGTGTGGGAGAGCTAAGGTT,TTTGAATGTACAATATACCATTAATATTTTATAAATACCCTTTTCCGGGTATGGTAGAGAAGACCAATATGTTATAATTTCTTTGAAAATACTGATTAAGATTTAAATGTATTCCACAGTTCCATCTCTCTTATGCAGAGAAAGATTTGTTGGAGAGAGAGCCAAGAGGAGAAGCCCATCAGGAAGTTCTTAGGCGAGCAGCCAAGGATCTTCCCATCTATACCAGGACCATGTCTGGAG,chr8_+_sliding_nonchg_nonskip_10000001_nonchgCase_UyWTEXE6gOg
0.5607442,0.08361135,0.10135492,0.12131023,0.110700354,0.11298931,TGTGTGCCTGATGGCCTATCATCTACTTTTTGCAATGTTTGTCTGGTCATACTGGAAAACTATCTTTACATTACCAATGAATCCTTCAAAAGAAGTAAGTTAAAATATTAACGAAATTATTCTAATAATAGAAATCAATAATACTGATGTATTATTGAAGAACGAATTTTATTTTAATGTTGCAAACT,CTGAGATAGATACTATTTTTTACTAGCCTGCGGATGGAGCCACTGGCTTTGAACATGAAACAATTAAG,TGGAGCCACTGGCTTTGAGCATGAAACAATTAAGGTATCTAGTGCTACTGTGTGGGAGAGCTAAGGTT,TTTGAATGTACAATATACCATTAATATTTTATAAATACCCTTTTCCGGGTATGGTAGAGAAGACCAATATGTTATAATTTCTTTGAAAATACTGATTAAGATTTAAATGTATTCCACAGTTCCATCTCTCTTATGCAGAGAAAGATTGGCTCCAGAGAGAGCCAAGAGGAGAAGCCCATCAGGAAGTTCTTAGGCGAGCAGCCAAGGATCTTCCCATCTATACCAGGACCATGTCTGGAG,chr8_+_sliding_nonchg_nonskip_10000001_nonchgCase_UyWTEXE6gOg
0.55957913,0.09958641,0.12768474,0.1126377,0.13017824,0.12311267,TGTGTGCCTGATGGCCTATCATCTACTTTTTGCAATGTTTGTCTGGTCATACTGGAAAACTATCTTTACATTACCAATGAATCCTTCAAAAGAAGTAAGTTAAAATAGTAACGAAATTATTCTAATAATAGAAATCAATAATATTGATGTATTATTGAAGAACGAATTTTATTTTAATGTTGCAAACT,TTGAGTTAGATACTATTTTTTACTAGCCTGCGGATGGAGCCACTGGCTTTGAACATGAAACAATTAAG,TGGAGCCACTGGCTTTGAACATGAAACAATTAAGGTATCTAGTGCTACTGTGTGGGAGAGCTAAGGTT,TTTGAATGTACAATATACCATTAATATTTTATAAATACCCTTTTCCGGGTATGGTAGAGAAGACCAATATGTTATAATTTCTTTGAAAATACTGATTAAGATTTAAATGTATTCCACAGTTCCATCTCTCTTATGCAGAGAAAGATTGGCTCCAGAGAGAGCCAAGAGGAGAAGCCCATCAGGAAGTTCTTAGGCGAGCAGCCAAGGATCTTCCCATCTATACCAGGACCATGTCTGGAG,chr8_+_sliding_nonchg_nonskip_10000001_nonchgCase_UyWTEXE6gOg
0.55954283,0.0818068,0.100871794,0.10236833,0.10367341,0.10330193,TGTGTGCCTGATGGCCTCTCATCTACTTTTTGCAATGTTTGTCTGGTCATACTGGAAAACTATCTTTACATTACCAATGAATCCTTCAAAAGAAGTAAGTTAAAATATTAACGAAATTATTCTAATAATAGAAATCAATAATACTGATGTATTATTGAAGAACGAATTTTATTTTAATGTTGCAAACT,GTGAGATAGATACTATTTTTTACTAGCCTGCGGATGGAGCCACTGGCTTTGAACATGAAACAATTAAG,TGGAGCCACTGGCTTTGAACATGAAACAATTAAGGTATCTAGTGCTACTGTGTGGGAGAGCTAAGGTT,TTTGAATGTACAATATACCATTACTATTTTATAAATACCCTTTTCCGGGTATGGTAGAGAAGACCAATATGTTATAATTTCTTTGAAAATACTGATTAAGATTTAAATGTATTCCACAGTTCCATCTCTCTTATGCAGAGAAAGATTGGCTCCAGAGAGAGCCAAGAGGAGAAGCCCATCAGGAAGTTCTTAGGCGAGCAGCCAAGGATCTTCCCATCTATACCAGGACCATGTCTGGAG,chr8_+_sliding_nonchg_nonskip_10000001_nonchgCase_UyWTEXE6gOg
0.5544661,0.07238521,0.08341028,0.108704366,0.09597699,0.10375665,TGTGTGCCTGATGGCCTATCATCTACTTTTTGCAATGTTTGTCTGGTCATACTGGAAAACTATCTTTACATTACCAATGAATCCTTCAAAAGAAGTAAGTTAAAATATTAACGAAATTATTCTAATAATAGAAATCAATAATACTGATGTATTATTGAAGAACGAATTTTATTTTAATGTTGCAAACT,TTGAGATAGATACTATTTTATACTAGCCTGCGGATGGAGCCACTGGCTTTGAACATGAAACAATTAAG,TGGAGCCACTGGCTTTGAACATGAAACAATTAAGGTATCTAGTGCTACTGTGTGGGAGAGCTAAGGTT,TTGGAATGTACAATATACCATTAATATTTTATAAATACCCTTTTCCGGGTATGGTAGAGAAGACCAATATGTTATAATTTCTTTGAAAATACTGATTAAGATTTAAATGTATTCCACAGTTCCATCTCTCTTATGCAGAGAAAGATTGGCTCCAGAGAGAGCCAAGAGGAGAAGCCCATCAGGAAGTTCTTAGGCGAGCAGCCAAGGATCTTCCTATCTATACCAGGACCATGTCTGGAG,chr8_+_sliding_nonchg_nonskip_10000001_nonchgCase_UyWTEXE6gOg
0.5540821,0.111526646,0.14643574,0.16785075,0.13079038,0.16456948,TGTGTGCCTGATGGCCTATCATCTACTTTTTGCAATGTTTGTCTGGTCATACTGGAAAACTATCTTTACATTACCAATGAATCCTTCAAAAGAAGTAAGTTAAAATATTAACGAAATTATTCTAATAATAGAAATCAATAATACTGATGTATTATTGAAGAACGAATTTTATTTTAATGTTGCAAACT,ATGAGATAGATACTATTTTTTACTAGCCTGCGGATGGAGCCACTGGCTTTGAACATGAAACAATTAAG,TGGAGCCACTGGCTTTGAACATGAAACAATTAAGGTATCTAGTGCTACTGTGTGGGAGAGCTAAGGTT,TTTGAATGTACAATATACCATTAATATTTTATAAATACCCTTTTCCGGGTATGGTAGAGAAGACCAATATGTTATAATTTCTTTGAAAATACTGATTAAGATTTAAATGTATTCCACAGTTCCATCTCTCTTATGCAGAGAAAGAGTGGCTCCAGAGAGAGCCAAGAGGAGAAGCCCATCAGGAAGTTCTTAGGCGAGCAGCCAAGGATCTTCCCATCTATACCAGGACCATGTCTGGAG,chr8_+_sliding_nonchg_nonskip_10000001_nonchgCase_UyWTEXE6gOg
0.5508365,0.10275735,0.12963757,0.11620207,0.13406788,0.123073675,TGTGTGCCTGATGGCCTATCATCTACTTTTTGCAATGTTTGTCTGGTCATACTGGAAAACTATCTTTACATTACCAATGAATCCTTCAAAAGAAGTAAGTTAAAATATTAACGAAATTATTCTAATAATAGAAATCAATAATACTGATGTATTATTGAAGAACGCATTTTATTTTAATGTTGCAAACT,TTGAGTTAGATACTATTTTTTACTAGCCTGCGGATGGAGCCACTGGCTTTGAACATGAAACAATTAAG,TGGAGCCACTGGCTTTGAACATGAAACAATTAAGGTATCTAGTGCTACTGTGTGGGAGAGCTAAGGTT,TTTGAATGTACAATATACCATTAATATTTTATAAATACCCTTTTCCGGGTATGGTAGAGAAGACCAATATGTTATAATTTCTTTGAAAATACTGATTAAGATTTAAATGTATTCCACAGTTCCATCTCTCTTATGCAGAGAAAGATTGGCTCCAGAGAGAGCCAAGAGGAGAAGCCCATCAGGAAGTTCTTAGGCGAGCAGCCAAGGATCTTCCCATCTATACCAGGACCATGTCTGGAG,chr8_+_sliding_nonchg_nonskip_10000001_nonchgCase_UyWTEXE6gOg
0.5483326,0.040348273,0.06330725,0.06475102,0.047676623,0.05839143,TGTGTGCCTGATGGCCTATCATCTACTTTTTGCAATGTTTGTCTGGTCATACTGGAAAACTATCTTTACATTACCAATGAATCCTTCAAAAGAAGTAAGTTAAAATATTAACGAAATTATTCTAATAATAGAAATCAATAATACTGATGTATTATTGAAGAACGAATTTTATTTTAATGTTGCAAACT,TTGAGATAGATACTATTTTTTACTAGCCTGCGGATGGAGCCACTGGCTTTGAACATGAAACAATTAAG,TGGAGCCACTTGCTTTGAACATGAAACAATTAAGGTATCTAGTGCTACTGTGTGGGAGAGCTAAGGTT,TTTGAATGTACAATATACCATTAATATTTTATAAATACCCTTTTCCGGGTATGGTAGAGAAGACCAATATGTTATAATTTCTTTGAAAATACTGATTAAGATTTAAATGTATTCCACAGTTCCATCTCTCTTATGCAGAGAAAGATTGGCTCCAGAGAGAGCCAAGAGGAGAAGCCCATCAGGAAGTTCTTAGGCGAGCAGCCAAGGATCTTCCCATCTATACCAGGACCATGTCTGGAG,chr8_+_sliding_nonchg_nonskip_10000001_nonchgCase_UyWTEXE6gOg
0.54026073,0.088744566,0.124488726,0.11809035,0.10459628,0.12778935,TGTGTGCCTGATGGCCTATCATCTACTTTTTGCAATGTTTGTCTGGTCATACTGGAAAACTATCTTTACATTACCAATGAATCCTTCAAAAGAAGTAAGTTAAAATATTAACGAAATTATTCTAATAACGATAACAAATAATACTGATGTATTATTGAAGAACGAATTTTATTTTAATGTTGCAAACT,TTGAGATAGATACTATTTTTTACTATTGACTCGATGGAGCCACTGGCTTTGAACATGAAACAATTAAG,TGGAGCCACTGGCTTTGAACATGAAACAATTAAGGTATCTAGTGCTACTGTGTGGGAGAGCTAAGGTT,TTTGAATGTACAATATACCATTAATATTTTATAAATACCCTTTTCCGGGTATGGTAGAGAAGACCAATATGTTATAATTTCTTTGAAAATACTGATTAAGATTTAAATGTATTCCACAGTTCCATCTCTCTTATGCAGAGAAAGATTTGTTGGAGAGAGAGCCAAGAGGAGAAGCCCATCAGGAAGTTCTTAGGCGAGCAGCCAAGGATCTTCCCATCTATACCAGGACCATGTCTGGAG,chr8_+_sliding_nonchg_nonskip_10000001_nonchgCase_UyWTEXE6gOg
0.532931,0.060269404,0.06456582,0.082453616,0.06788474,0.078833796,TGTGTGCCTGATGGCCTATCATCTACTTTTTGCAATGTTTGTCTGGTCATACTGGAAAACTATCTTTACATTACCAATGAATCCTTCAAAAGAAGTAAGTTAAAATATTAACGAAATTATTCTAATAATAGAAATCAATAATACTGATGTATTATTGAAGAACGAATTTTATTTTAATGTTGCAAACT,TTGAGATAGATACTATTTTGTACTAGCCTGCGGATGGAGCCACTGGCTTTGAACATGAAACAATTAAG,TGGAGCCACTGACTTTGAACATGAAACAATTAAGGTATCTAGTGCTACTGTGTGGGAGAGCTAAGGTT,TTTGAATGTACAATATACCATTAATATTTTATAAATACCCTTTTCCGGGTATGGTAGAGAAGACCAATATGTTATAATTTCTTTGAAAATACTGATTAAGATTTAAATGTATTCCACAGTTCCATCTCTCTTATGCAGAGAAAGATTGGCTCCAGAGAGAGCCAAGAGGAGAAGCCCATCAGGAAGTTCTTAGGCGAGCAGCCAAGGATCTTCCCATCTATACCAGGACCATGTCTGGAG,chr8_+_sliding_nonchg_nonskip_10000001_nonchgCase_UyWTEXE6gOg
0.5262366,0.09192824,0.114246465,0.13167566,0.11343356,0.12658867,TGTGTGCCTGATGGCCTATCATCTACTTTTTGCAATGTTTGTCTGGTCATACTGGAAAACTATCTTTACATTACCAATGAATCCTTCAAAAGAAGTAAGTTAAAATATTAACGAAATTATTCTAATAATAGAAATCAATAATACTGATGTATTATTGAAGAACGAATTTTATTTTAATGTTGCAAACT,TTGAGATAGATACTATTTTTTACTAGCCTGCGAATGGAGCCACAGGCTTTGAACATGAAACAATTAAG,TGGAGCCACTGGCTTTGAACATGAAACAATTAAGGTATCTAGTGCTACTGTGTGGGAGAGCTAAGGTT,TTTGAATGTACAATATACCATTAATATTTTATAAATACCCTTTTCCGGGTATGGTAGAGAAGACCAATATGTTATAATTTCTTTGAAAATACTGATTAAGATTTAAATGTATTCCACAGTTCCATCTCTCTTATGCAGAGAAAGATTGGCTCCAGAGAGAGCCAAGAGGAGAAGCCCATCAGGAAGTTCTTAGGCGAGCAGCCAAGGATCTTCCCATCTATACCAGGACCATGTCTGGAG,chr8_+_sliding_nonchg_nonskip_10000001_nonchgCase_UyWTEXE6gOg
0.52380335,0.058900453,0.10297451,0.09061105,0.07159483,0.09620344,TGTGTGCCTGATGGCCTATCATCTACTTTTTGCAATGTTTGTCTGGTCATACTGGAAAACTATCTTTACATTACCAATGAATCCTTCAAAAGAAGTAAGTTAAAATATTAACGAAATTATTCTAATAATAGAAATCAATAATACTGATGTATTATTGAAGAACGAATTTTATTTTAATGTTGCAAACT,TTGAGATAGATACTTCTTTTTACTACTCGCACCATGGAGCCACTGGCTTTGAACATGAAACAATTAAG,TGGAGCCACTGGCTTTGAACATGAAACAATTAAGGTATCTAGTGCTACTGTGTGGGAGAGCTAAGGTT,TTTGAATGTACAATATACCATTAATATTTTATAAATACCCTTTTCCGGGTATGGTAGAGAAGACCAATATGTTATAATTTCTTTGAAAATACTGATTAAGATTTAAATGTATTCCACAGTTCCATCTCTCTTATGCAGAGAAAGATTTGTTGGAGAGAGAGCCAAGAGGAGAAGCCCATCAGGAAGTTCTTAGGCGAGCAGCCAAGGATCTTCCCATCTATACCAGGACCATGTCTGGAG,chr8_+_sliding_nonchg_nonskip_10000001_nonchgCase_UyWTEXE6gOg
0.50193584,0.030806597,0.05388993,0.050087538,0.04017775,0.047881156,GGTGTGCCTGATGGCCTATCATCTACTTTTTGCAATGTTTGTCTGGTCATACTGGAAAACTATCTTTACATTACCAATGAATCCTTCAAAAGAAGTAAGTTAAAATATTAACGAAATTATTCTAATAATAGAAATCAATAATACTGATGTATTATTGAAGAACGAATTTTATTTTAATGTTGCAAACT,TTGAGATAGATACTATTTTTTACTAGCCTGCGGATGGAGCCACTGGCTTTGAACATGAAACAATTAAG,TGGAGCCACTGGCTTTGAACGTGAAACAATTAAGGTATCTAGTGCTACTGTGTGCGAGAGCTAAGGTT,TTTGAATGTACAATATACCATTAATATTTTATAAATACCCTTTTCCGGGTATGGTAGAGAAGACCAATATGTTATAATTTCTTTGAAAATACTGATTAAGATTTAAATGTATTCCACAGTTCCATCTCTCTTATGCAGAGAAAGATTGGCTCCAGAGAGAGCCAAGAGGAGAAGCCCATCAGGAAGTTCTTAGGCGAGCAGCCAAGGATCTTCCCATCTATACCAGGACCATGTCTGGAG,chr8_+_sliding_nonchg_nonskip_10000001_nonchgCase_UyWTEXE6gOg
0.50161004,0.030775642,0.053475894,0.05026675,0.038855992,0.046796683,TGTGTGCCTGATGGCCTATCATCTACTTTTTGCAATGTTTGTCTGGTCATACTGGAAAACTATCTTTACATTACCAATGAATCCTTCAAAAGAAGTAAGTTAAAATATTAACGAAATTATTCTAATAATAGAAATCAATAATACTGATGTATTATTGAAGAGCGAATTTTATTTTAATGTTGCAAACT,TTGAGATAGATACTATTTTTTACTAGCCTGCGGATGGAGCCACTGGCTTTGAACATGAAACAATTAAG,TGGAGCCACTGGCTTTGAACATGAAACAATTACGGTATCTAGTGCTACTGTGTGGGAGAGCTAAGGTT,TTTGAATGTACAATATACCATTAATATTTTATAAATACCCTTTTCCGGGTATGGTAGAGAAGACCAATATGTTATAATTTCTTTGAAAATACTGATTAAGATTTAAATGTATTCCACAGTTCCATCTCTCTTATGCAGAGAAAGATTGGCTCCAGAGAGAGCCAAGAGGAGAAGCCCATCAGGAAGTTCTTAGGCGAGCAGCCAAGGATCTTCCCATCTATACCAGGACCATGTCTGGAG,chr8_+_sliding_nonchg_nonskip_10000001_nonchgCase_UyWTEXE6gOg
